DeployID,Ptt,Instr,Date,Type,Quality,Latitude,Longitude,Error radius,Error Semi-major axis,Error Semi-minor axis,Error Ellipse orientation,Offset,Offset orientation,GPE MSD,GPE U,Comment
"141259",141259,MiniPAT,2015-10-14 10:28:45,GPE,,42.50000000,-68.20703125,,1583460,71078,0,611160,0,6.576335,187.425598,
"141259",141259,MiniPAT,2015-10-14 22:36:15,GPE,,45.00000000,-68.83477783,,1527900,58991,0,611160,0,7.187680,197.661194,
"141259",141259,MiniPAT,2015-10-15 22:26:15,GPE,,49.00000000,-68.13253784,,1416780,16835,0,500040,0,7.660483,195.342300,
"141259",141259,MiniPAT,2015-10-16 10:18:45,GPE,,45.00000000,-68.86937714,,1277880,46343,0,333360,0,5.939810,136.615601,
"141259",141259,MiniPAT,2015-10-16 22:23:45,GPE,,41.50000000,-68.65264893,,972300,27293,0,277800,0,4.177783,73.111214,
"141259",141259,MiniPAT,2015-10-17 10:31:15,GPE,,45.50000000,-68.34464264,,1111200,38261,0,222240,0,5.211514,104.230301,
"141259",141259,MiniPAT,2015-10-17 22:22:30,GPE,,40.00000000,-67.90588379,,1027860,20218,0,277800,0,5.198330,96.169113,
"141259",141259,MiniPAT,2015-10-18 22:27:30,GPE,,39.50000000,-66.26248169,,1138980,224845,0,500040,0,6.580664,134.903595,
"141259",141259,MiniPAT,2015-10-19 10:20:00,GPE,,41.00000000,-65.87756348,,722280,54624,0,,,2.973845,38.659988,
"141259",141259,MiniPAT,2015-10-22 10:50:00,GPE,,35.00000000,-62.39429092,,1000080,18205,0,333360,0,5.068549,91.233879,
"141259",141259,MiniPAT,2015-10-22 21:58:45,GPE,,56.00000000,-66.92434692,,861180,29933,0,277800,0,8.160351,126.485397,
"141259",141259,MiniPAT,2015-10-24 10:53:45,GPE,,47.50000000,-64.40869141,,500040,81577,0,,,1.703532,15.331790,
"141259",141259,MiniPAT,2015-10-26 21:22:30,GPE,,64.00000000,-61.72565079,,611160,108763,0,333360,0,11.816610,129.982697,
"141259",141259,MiniPAT,2015-10-27 10:47:30,GPE,,48.50000000,-65.64779663,,472260,30002,0,55560,0,2.978637,25.318420,
"141259",141259,MiniPAT,2015-10-28 10:33:45,GPE,,53.50000000,-64.55048370,,888960,218300,0,777840,0,9.805714,156.891403,
"141259",141259,MiniPAT,2015-10-28 21:31:15,GPE,,54.50000000,-66.11535645,,805620,115395,0,388920,0,8.564416,124.183998,
"141259",141259,MiniPAT,2015-10-29 10:31:15,GPE,,61.00000000,-62.70183945,,666720,22760,0,333360,0,11.613630,139.363602,
"141259",141259,MiniPAT,2015-10-30 21:35:00,GPE,,44.50000000,-61.56018066,,750060,15851,0,500040,0,9.097577,122.817299,
"141259",141259,MiniPAT,2015-10-31 10:11:15,GPE,,48.50000000,-60.49747086,,888960,69369,0,777840,0,11.492910,183.886597,
"141259",141259,MiniPAT,2015-10-31 21:25:00,GPE,,50.00000000,-61.47293091,,888960,131020,0,777840,0,11.963310,191.412994,
"141259",141259,MiniPAT,2015-11-01 10:35:00,GPE,,55.00000000,-57.09225082,,583380,19482,0,166680,0,7.205104,75.653587,
"141259",141259,MiniPAT,2015-11-01 21:01:15,GPE,,54.50000000,-57.82590103,,472260,91643,0,55560,0,5.212449,44.305809,
"141259",141259,MiniPAT,2015-11-02 10:32:30,GPE,,48.00000000,-60.75970078,,611160,194576,0,333360,0,7.386387,81.250259,
"141259",141259,MiniPAT,2015-11-03 10:38:45,GPE,,57.50000000,-65.75430298,,611160,221135,0,555600,0,11.018690,121.205597,
"141259",141259,MiniPAT,2015-11-03 21:15:00,GPE,,38.50000000,-58.86069107,,305580,18881,0,55560,0,2.247439,12.360920,
"141259",141259,MiniPAT,2015-11-04 10:15:00,GPE,,40.50000000,-58.91711044,,583380,129903,0,277800,0,6.588173,69.175819,
"141259",141259,MiniPAT,2015-11-05 21:11:15,GPE,,24.50000000,-62.32326889,,222240,24245,0,,,1.218858,4.875432,
"141259",141259,MiniPAT,2015-11-06 10:22:30,GPE,,39.50000000,-58.10531998,,555600,137401,0,222240,0,6.228350,62.283501,
"141259",141259,MiniPAT,2015-11-06 21:20:00,GPE,,47.00000000,-61.31113052,,750060,46362,0,722280,0,10.662460,143.943100,
"141259",141259,MiniPAT,2015-11-08 21:01:15,GPE,,42.00000000,-52.45077896,,666720,37180,0,444480,0,9.732044,116.784500,
"141259",141259,MiniPAT,2015-11-09 09:53:45,GPE,,41.50000000,-52.31325912,,611160,204023,0,444480,0,8.243171,90.674881,
"141259",141259,MiniPAT,2015-11-10 20:35:00,GPE,,38.50000000,-49.95278931,,500040,177072,0,222240,0,5.970317,53.732849,
"141259",141259,MiniPAT,2015-11-11 09:40:00,GPE,,33.50000000,-53.27402115,,500040,178460,0,222240,0,6.381405,57.432652,
"141259",141259,MiniPAT,2015-11-12 09:50:00,GPE,,50.00000000,-50.84197998,,583380,87290,0,500040,0,10.127210,106.335701,
"141259",141259,MiniPAT,2015-11-12 20:40:00,GPE,,54.00000000,-53.29602051,,500040,118183,0,333360,0,10.727760,96.549797,
"141259",141259,MiniPAT,2015-11-13 10:11:15,GPE,,49.00000000,-56.14001083,,472260,272127,0,166680,0,5.471455,46.507370,
"141259",141259,MiniPAT,2015-11-14 20:26:15,GPE,,47.50000000,-55.06740952,,444480,96955,0,222240,0,6.973333,55.786671,
"141259",141259,MiniPAT,2015-11-15 10:18:45,GPE,,49.00000000,-55.16577148,,500040,173974,0,222240,0,7.045323,63.407909,
"141259",141259,MiniPAT,2015-11-15 20:38:45,GPE,,44.00000000,-51.95798111,,250020,66232,0,55560,0,2.400893,10.804020,
"141259",141259,MiniPAT,2015-11-16 10:02:30,GPE,,44.50000000,-52.02669907,,222240,85941,0,,,1.794675,7.178702,
"141259",141259,MiniPAT,2015-11-16 20:31:15,GPE,,49.50000000,-56.76491928,,666720,287288,0,444480,0,7.851246,94.214951,
"141259",141259,MiniPAT,2015-11-17 10:11:15,GPE,,49.50000000,-55.57229996,,416700,236622,0,166680,0,5.925022,44.437660,
"141259",141259,MiniPAT,2015-11-19 10:05:00,GPE,,41.50000000,-51.34125137,,277800,51492,0,,,3.206882,16.034410,
"141259",141259,MiniPAT,2015-11-19 20:35:00,GPE,,43.50000000,-52.85422134,,305580,18926,0,55560,0,3.564208,19.603149,
"141259",141259,MiniPAT,2015-11-22 10:25:00,GPE,,50.50000000,-53.84833145,,527820,394418,0,500040,0,9.146843,86.894997,
"141259",141259,MiniPAT,2015-11-23 20:15:00,GPE,,42.50000000,-53.52291870,,388920,73980,0,111120,0,5.385845,37.700909,
"141259",141259,MiniPAT,2015-11-24 10:17:30,GPE,,40.00000000,-54.36832047,,333360,220533,0,111120,0,3.898519,23.391121,
"141259",141259,MiniPAT,2015-11-24 20:03:45,GPE,,41.50000000,-57.08380127,,222240,50868,0,,,2.517591,10.070360,
"141259",141259,MiniPAT,2015-11-26 10:35:00,GPE,,45.00000000,-53.11272812,,194460,56322,0,55560,0,2.071562,7.250467,
"141259",141259,MiniPAT,2015-11-26 20:17:30,GPE,,44.50000000,-53.01845932,,333360,133623,0,111120,0,4.380608,26.283649,
"141259",141259,MiniPAT,2015-11-27 10:25:00,GPE,,42.00000000,-54.67181015,,416700,107189,0,166680,0,7.239606,54.297050,
"141259",141259,MiniPAT,2015-11-27 20:45:00,GPE,,45.50000000,-56.15082169,,555600,71402,0,555600,0,11.710820,117.108200,
"141259",141259,MiniPAT,2015-11-29 20:32:30,GPE,,44.50000000,-52.15393066,,416700,197789,0,166680,0,7.467226,56.004200,
"141259",141259,MiniPAT,2015-11-30 10:21:15,GPE,,45.00000000,-51.90304947,,416700,37076,0,166680,0,7.728235,57.961769,
"141259",141259,MiniPAT,2015-12-02 09:57:30,GPE,,42.50000000,-48.13906860,,333360,59548,0,111120,0,5.050872,30.305229,
"141259",141259,MiniPAT,2015-12-02 20:23:45,GPE,,43.50000000,-49.00708008,,277800,170261,0,,,3.479455,17.397280,
"141259",141259,MiniPAT,2015-12-03 10:25:00,GPE,,45.50000000,-47.60012817,,388920,276899,0,111120,0,6.384521,44.691650,
"141259",141259,MiniPAT,2015-12-05 10:00:00,GPE,,49.00000000,-48.98144913,,388920,290419,0,222240,0,11.928340,83.498383,
"141259",141259,MiniPAT,2015-12-07 10:10:00,GPE,,44.50000000,-46.62105942,,333360,261475,0,111120,0,5.492993,32.957958,
"141259",141259,MiniPAT,2015-12-07 20:21:15,GPE,,44.50000000,-45.41241074,,444480,338300,0,333360,0,7.895854,63.166828,
"141259",141259,MiniPAT,2015-12-08 10:12:30,GPE,,38.50000000,-46.07883072,,250020,168173,0,55560,0,2.839954,12.779790,
"141259",141259,MiniPAT,2015-12-08 20:20:00,GPE,,37.50000000,-44.95449829,,305580,120476,0,55560,0,4.379882,24.089350,
"141259",141259,MiniPAT,2015-12-09 09:53:45,GPE,,29.50000000,-48.99303818,,361140,49285,0,166680,0,5.202879,33.818722,
"141259",141259,MiniPAT,2015-12-10 09:57:30,GPE,,39.50000000,-47.31307983,,333360,258961,0,111120,0,5.264559,31.587351,
"141259",141259,MiniPAT,2015-12-11 19:57:30,GPE,,40.00000000,-44.32291031,,305580,129876,0,55560,0,3.989571,21.942640,
"141259",141259,MiniPAT,2015-12-12 20:22:30,GPE,,36.00000000,-48.04027939,,250020,35519,0,55560,0,3.191791,14.363060,
"141259",141259,MiniPAT,2015-12-13 09:51:15,GPE,,38.00000000,-47.07509995,,277800,30331,0,,,4.148654,20.743271,
"141259",141259,MiniPAT,2015-12-15 10:12:30,GPE,,37.00000000,-47.87240982,,166680,129065,0,,,1.349749,4.049247,
"141259",141259,MiniPAT,2015-12-15 20:16:15,GPE,,37.50000000,-47.82741928,,277800,318337,0,,,3.082501,15.412510,
"141259",141259,MiniPAT,2015-12-16 10:16:15,GPE,,36.50000000,-48.27276993,,277800,17865,0,111120,0,3.991410,19.957050,
"141259",141259,MiniPAT,2015-12-16 20:30:00,GPE,,35.50000000,-47.39508057,,222240,119130,0,,,2.855740,11.422960,
"141259",141259,MiniPAT,2015-12-17 10:11:15,GPE,,36.50000000,-46.88980103,,305580,186483,0,166680,0,4.712874,25.920811,
"141259",141259,MiniPAT,2015-12-19 20:30:00,GPE,,38.50000000,-48.48580933,,444480,29372,0,333360,0,9.455997,75.647972,
"141259",141259,MiniPAT,2015-12-20 09:52:30,GPE,,36.50000000,-49.70084000,,444480,88830,0,333360,0,8.533615,68.268921,
"141259",141259,MiniPAT,2015-12-21 20:36:15,GPE,,35.50000000,-53.36938095,,472260,219917,0,388920,0,8.730683,74.210808,
"141259",141259,MiniPAT,2015-12-22 10:15:00,GPE,,40.50000000,-44.01668930,,416700,411051,0,277800,0,7.512440,56.343300,
"141259",141259,MiniPAT,2015-12-23 09:57:30,GPE,,42.50000000,-46.54071045,,472260,115646,0,388920,0,9.566202,81.312721,
"141259",141259,MiniPAT,2015-12-23 20:28:45,GPE,,44.50000000,-48.43490982,,388920,362385,0,222240,0,7.015100,49.105709,
"141259",141259,MiniPAT,2015-12-24 10:31:15,GPE,,38.50000000,-44.37902832,,361140,198570,0,166680,0,6.296459,40.926991,
"141259",141259,MiniPAT,2015-12-25 20:26:15,GPE,,40.50000000,-46.81179810,,500040,16899,0,444480,0,10.821380,97.392410,
"141259",141259,MiniPAT,2015-12-27 09:58:45,GPE,,41.00000000,-48.48855972,,361140,121196,0,166680,0,6.908629,44.906090,
"141259",141259,MiniPAT,2015-12-27 20:31:15,GPE,,36.50000000,-45.94533920,,500040,203669,0,333360,0,8.674431,78.069878,
"141259",141259,MiniPAT,2015-12-28 09:43:45,GPE,,27.00000000,-50.00857925,,444480,19802,0,222240,0,7.815245,62.521961,
"141259",141259,MiniPAT,2015-12-28 20:56:15,GPE,,31.50000000,-52.02267075,,416700,46462,0,166680,0,7.554561,56.659210,
"141259",141259,MiniPAT,2015-12-29 20:22:30,GPE,,32.00000000,-48.05176163,,166680,84576,0,,,1.497236,4.491709,
"141259",141259,MiniPAT,2015-12-30 09:56:15,GPE,,35.50000000,-45.89313126,,333360,165056,0,111120,0,5.003442,30.020651,
"141259",141259,MiniPAT,2015-12-31 20:36:15,GPE,,28.00000000,-46.75820923,,416700,326449,0,166680,0,5.489276,41.169571,
"141259",141259,MiniPAT,2016-01-01 09:58:45,GPE,,29.00000000,-46.52764893,,194460,32652,0,55560,0,1.867151,6.535029,
"141259",141259,MiniPAT,2016-01-10 10:21:15,GPE,,24.50000000,-47.25217056,,250020,354482,0,55560,0,2.534560,11.405520,
"141259",141259,MiniPAT,2016-01-12 10:52:30,GPE,,36.50000000,-55.89004898,,500040,324964,0,222240,0,6.075981,54.683830,
"141259",141259,MiniPAT,2016-01-21 20:51:15,GPE,,35.50000000,-49.48461914,,277800,23278,0,,,2.475996,12.379980,
"141259",141259,MiniPAT,2016-01-22 10:40:00,GPE,,40.50000000,-51.55419922,,583380,200194,0,388920,0,8.685233,91.194946,
"141259",141259,MiniPAT,2016-01-27 20:57:30,GPE,,37.00000000,-50.21466064,,222240,91749,0,,,1.884615,7.538459,
"141259",141259,MiniPAT,2016-02-05 21:27:30,GPE,,38.00000000,-51.52553940,,333360,37275,0,,,2.609005,15.654030,
"141259",141259,MiniPAT,2016-02-06 10:27:30,GPE,,35.50000000,-49.32485962,,638940,18093,0,388920,0,9.555663,109.890099,
"141259",141259,MiniPAT,2016-02-07 21:20:00,GPE,,44.00000000,-51.89093018,,388920,101734,0,,,3.430226,24.011580,
"141259",141259,MiniPAT,2016-02-08 10:21:15,GPE,,44.00000000,-51.75374985,,472260,144282,0,166680,0,4.369869,37.143890,
"141259",141259,MiniPAT,2016-02-08 21:23:45,GPE,,44.50000000,-51.47304916,,500040,101512,0,111120,0,4.860696,43.746269,
"141259",141259,MiniPAT,2016-02-09 10:11:15,GPE,,46.00000000,-54.41962051,,805620,15438,0,722280,0,10.556350,153.067001,
"141259",141259,MiniPAT,2016-02-09 21:45:00,GPE,,43.00000000,-51.55791855,,666720,232060,0,555600,0,11.011150,132.133804,
"141259",141259,MiniPAT,2016-02-10 09:57:30,GPE,,44.00000000,-51.08813095,,694500,86328,0,388920,0,8.588822,107.360298,
"141259",141259,MiniPAT,2016-02-10 21:35:00,GPE,,41.00000000,-49.92827988,,750060,322621,0,500040,0,7.314074,98.739990,
"141259",141259,MiniPAT,2016-02-11 10:48:45,GPE,,41.00000000,-48.83993912,,305580,176294,0,55560,0,1.731407,9.522738,
"141259",141259,MiniPAT,2016-02-11 21:25:00,GPE,,44.50000000,-49.76446915,,388920,145072,0,111120,0,2.277043,15.939300,
"141259",141259,MiniPAT,2016-02-12 10:32:30,GPE,,43.50000000,-49.33636093,,305580,16121,0,55560,180,1.256044,6.908239,
"141259",141259,MiniPAT,2016-02-12 21:06:15,GPE,,48.50000000,-51.82995987,,861180,318629,0,388920,0,6.872969,106.530998,
"141259",141259,MiniPAT,2016-02-13 10:00:00,GPE,,49.00000000,-51.33013916,,638940,85522,0,277800,0,6.870697,79.013023,
"141259",141259,MiniPAT,2016-02-13 21:22:30,GPE,,48.00000000,-50.10876083,,611160,173167,0,111120,0,4.136705,45.503750,
"141259",141259,MiniPAT,2016-02-14 10:20:00,GPE,,48.50000000,-51.22885132,,250020,29933,0,55560,180,1.187384,5.343226,
"141259",141259,MiniPAT,2016-02-14 20:56:15,GPE,,38.00000000,-48.15625000,,361140,63258,0,55560,180,1.355352,8.809785,
"141259",141259,MiniPAT,2016-02-15 10:05:00,GPE,,39.50000000,-48.18587875,,333360,91308,0,,,1.430673,8.584037,
"141259",141259,MiniPAT,2016-02-15 21:02:30,GPE,,40.00000000,-48.09426880,,305580,63110,0,55560,0,1.399730,7.698517,
"141259",141259,MiniPAT,2016-02-16 10:02:30,GPE,,44.50000000,-47.52791977,,555600,154016,0,111120,0,3.550148,35.501480,
"141259",141259,MiniPAT,2016-02-16 21:06:15,GPE,,42.00000000,-46.37374878,,527820,116232,0,55560,0,2.967049,28.186970,
"141259",141259,MiniPAT,2016-02-17 10:01:15,GPE,,43.50000000,-45.47134018,,333360,16121,0,111120,0,1.502917,9.017503,
"141259",141259,MiniPAT,2016-02-17 20:53:45,GPE,,47.00000000,-46.24465942,,444480,110346,0,,,1.807691,14.461530,
"141259",141259,MiniPAT,2016-02-18 10:20:00,GPE,,47.50000000,-45.97232056,,361140,78154,0,55560,180,1.355056,8.807866,
"141259",141259,MiniPAT,2016-02-18 20:48:45,GPE,,49.00000000,-45.84725952,,472260,100783,0,55560,180,2.264516,19.248390,
"141259",141259,MiniPAT,2016-02-19 09:51:15,GPE,,49.50000000,-45.58572006,,666720,71673,0,111120,0,4.412138,52.945660,
"141259",141259,MiniPAT,2016-02-19 21:05:00,GPE,,47.50000000,-45.02630997,,861180,75171,0,277800,0,6.445817,99.910156,
"141259",141259,MiniPAT,2016-02-20 09:31:15,GPE,,41.00000000,-46.31557846,,805620,122643,0,166680,0,5.052030,73.254433,
"141259",141259,MiniPAT,2016-02-20 20:53:45,GPE,,44.50000000,-46.68225098,,777840,89932,0,111120,0,4.499765,62.996719,
"141259",141259,MiniPAT,2016-02-21 09:43:45,GPE,,44.50000000,-46.69223022,,777840,81625,0,111120,0,4.571473,64.000618,
"141259",141259,MiniPAT,2016-02-21 21:08:45,GPE,,43.50000000,-47.05733871,,1027860,141937,0,388920,0,6.051800,111.958298,
"141259",141259,MiniPAT,2016-02-22 09:30:00,GPE,,44.50000000,-46.39461899,,916740,87550,0,277800,0,5.859962,96.689377,
"141259",141259,MiniPAT,2016-02-22 21:05:00,GPE,,44.50000000,-46.28786850,,805620,142369,0,55560,0,3.530104,51.186501,
"141259",141259,MiniPAT,2016-02-23 09:50:00,GPE,,40.50000000,-46.33145142,,527820,72157,0,55560,180,1.813499,17.228239,
"141259",141259,MiniPAT,2016-02-26 09:36:15,GPE,,58.50000000,-45.95288086,,1250100,40960,0,166680,0,7.324637,164.804306,
"141259",141259,MiniPAT,2016-02-27 21:03:45,GPE,,49.00000000,-43.92279053,,1027860,86727,0,55560,180,2.851611,52.754810,
"141259",141259,MiniPAT,2016-02-28 09:35:00,GPE,,46.00000000,-44.50149918,,1111200,113647,0,111120,0,3.153899,63.077980,
"141259",141259,MiniPAT,2016-02-28 21:10:00,GPE,,43.00000000,-43.74374008,,1111200,167828,0,111120,0,2.646968,52.939369,
"141259",141259,MiniPAT,2016-02-29 09:23:45,GPE,,9.00000000,-48.07822037,,1389000,540876,0,1000080,0,6.700366,167.509201,
"141259",141259,MiniPAT,2016-02-29 21:42:30,GPE,,11.50000000,-49.09408951,,1333440,428416,0,777840,0,5.693487,136.643707,
"141259",141259,MiniPAT,2016-03-01 09:26:15,GPE,,53.00000000,-44.77722168,,1305660,142022,0,277800,180,1.858653,43.678349,
"141259",141259,MiniPAT,2016-03-02 09:16:15,GPE,,52.00000000,-44.04019165,,1889040,123239,0,,,4.063710,138.166199,
"141259",141259,MiniPAT,2016-03-02 21:10:00,GPE,,42.00000000,-42.51031113,,1027860,49079,0,55560,0,1.223261,22.630329,
"141259",141259,MiniPAT,2016-03-03 09:13:45,GPE,,50.00000000,-41.60998917,,1889040,53002,0,111120,180,3.421823,116.342003,
"141259",141259,MiniPAT,2016-03-03 21:08:45,GPE,,49.50000000,-41.33007813,,2166840,64183,0,333360,180,3.744848,146.049103,
"141259",141259,MiniPAT,2016-03-05 21:16:15,GPE,,29.50000000,-39.54761124,,2361300,58446,0,1389000,0,4.487797,190.731400,
"141259",141259,MiniPAT,2016-03-06 08:35:00,GPE,,24.00000000,-39.96109009,,1833480,31078,0,888960,0,3.529831,116.484398,
"141259",141259,MiniPAT,2016-03-06 21:16:15,GPE,,26.00000000,-40.01330948,,2222400,59067,0,1333440,0,3.487600,139.503998,
"141259",141259,MiniPAT,2016-03-07 08:43:45,GPE,,24.00000000,-39.81322861,,2333520,113535,0,1555680,0,3.829678,160.846497,
"141259",141259,MiniPAT,2016-03-07 21:18:45,GPE,,18.00000000,-39.51034927,,2277960,158576,0,1777920,0,3.282968,134.601700,
"141259",141259,MiniPAT,2016-03-08 09:13:45,GPE,,16.00000000,-38.53445053,,1250100,73572,0,722280,0,1.308280,29.436310,
"141259",141259,MiniPAT,2016-03-08 21:01:15,GPE,,33.00000000,-40.56863022,,2583540,132476,0,500040,180,3.780384,175.787796,
"141259",141259,MiniPAT,2016-03-10 08:36:15,GPE,,23.00000000,-41.42947006,,2583540,88703,0,1055640,0,4.185088,194.606598,
"141259",141259,MiniPAT,2016-03-10 21:27:30,GPE,,17.00000000,-41.18664932,,2666880,198095,0,1666800,0,3.389388,162.690598,
"141259",141259,MiniPAT,2016-03-11 08:47:30,GPE,,34.50000000,-41.26062012,,2194620,73507,0,2055720,180,1.192129,47.089100,
"141259",141259,MiniPAT,2016-03-11 21:17:30,GPE,,8.50000000,-40.99847031,,2694660,169593,0,2611320,0,2.688084,130.372101,
"141259",141259,MiniPAT,2016-03-12 09:03:45,GPE,,6.50000000,-40.79421997,,3194700,221587,0,3278040,0,2.690627,154.711105,
"141259",141259,MiniPAT,2016-03-18 21:18:45,GPE,,44.00000000,-39.59371948,,1777920,227978,0,1889040,180,5.421248,173.479904,
"141259",141259,MiniPAT,2016-03-22 08:37:30,GPE,,24.00000000,-42.97475815,,1527900,86888,0,1166760,180,3.006045,82.666237,
"141259",141259,MiniPAT,2016-03-22 20:57:30,GPE,,34.50000000,-41.70523071,,694500,18315,0,277800,180,2.443469,30.543360,
"141259",141259,MiniPAT,2016-03-24 08:31:15,GPE,,38.00000000,-40.31903076,,1138980,121731,0,833400,180,5.305021,108.752899,
"141259",141259,MiniPAT,2016-03-24 21:17:30,GPE,,37.00000000,-40.53290176,,1444560,135285,0,1333440,180,6.290944,163.564499,
"141259",141259,MiniPAT,2016-03-25 08:48:45,GPE,,41.00000000,-39.42721939,,1000080,134495,0,666720,180,4.044579,72.802406,
"141259",141259,MiniPAT,2016-03-26 21:16:15,GPE,,29.50000000,-39.42205811,,861180,142309,0,388920,180,3.461773,53.657478,
"141259",141259,MiniPAT,2016-03-27 08:27:30,GPE,,-17.00000000,-35.36968994,,2139060,55542,0,388920,180,2.548513,98.117737,
"141259",141259,MiniPAT,2016-03-28 21:03:45,GPE,,37.50000000,-38.09154892,,472260,41903,0,55560,180,2.271753,19.309900,
"141259",141259,MiniPAT,2016-03-29 21:15:00,GPE,,20.00000000,-38.27938843,,1527900,340982,0,1389000,180,6.244092,171.712494,
"141259",141259,MiniPAT,2016-03-30 08:42:30,GPE,,36.00000000,-40.42333984,,277800,17980,0,,,1.160565,5.802827,
"141259",141259,MiniPAT,2016-03-30 21:11:15,GPE,,39.50000000,-39.65335083,,444480,146861,0,111120,180,2.155070,17.240561,
"141259",141259,MiniPAT,2016-03-31 08:45:00,GPE,,32.50000000,-39.47500992,,1277880,343874,0,1222320,180,6.795413,156.294495,
"141259",141259,MiniPAT,2016-04-03 21:25:00,GPE,,34.50000000,-38.22055054,,388920,112713,0,111120,180,2.521681,17.651770,
"141259",141259,MiniPAT,2016-04-04 07:57:30,GPE,,37.00000000,-38.02642822,,416700,130114,0,55560,180,2.781890,20.864180,
"141259",141259,MiniPAT,2016-04-04 21:26:15,GPE,,43.00000000,-35.83945084,,305580,24583,0,55560,180,2.395598,13.175790,
"141259",141259,MiniPAT,2016-04-05 08:32:30,GPE,,44.00000000,-37.22745132,,444480,15987,0,222240,180,4.066603,32.532829,
"141259",141259,MiniPAT,2016-04-06 21:26:15,GPE,,15.50000000,-42.67654037,,916740,133759,0,388920,180,4.422436,72.970200,
"141259",141259,MiniPAT,2016-04-10 23:05:11,Argos,2,40.25099945,-36.06100464,,,,,,,,,
"141259",141259,MiniPAT,2016-04-11 00:04:44,Argos,A,40.25500107,-36.05499268,,,,,,,,,
"141259",141259,MiniPAT,2016-04-11 00:45:20,Argos,2,40.24800110,-36.07299805,,,,,,,,,
"141259",141259,MiniPAT,2016-04-11 03:42:38,Argos,0,40.25500107,-36.10101318,,,,,,,,,
"141259",141259,MiniPAT,2016-04-11 05:20:27,Argos,1,40.24700165,-36.12500000,,,,,,,,,
"141259",141259,MiniPAT,2016-04-11 05:49:09,Argos,B,40.24599838,-36.13699341,,,,,,,,,
"141259",141259,MiniPAT,2016-04-11 06:44:00,Argos,B,40.23799896,-36.15798950,,,,,,,,,
"141259",141259,MiniPAT,2016-04-11 07:07:42,Argos,3,40.25000000,-36.13198853,,,,,,,,,
"141259",141259,MiniPAT,2016-04-11 07:12:39,Argos,1,40.25999832,-36.13800049,,,,,,,,,
"141259",141259,MiniPAT,2016-04-11 07:32:24,Argos,3,40.24499893,-36.14401245,,,,,,,,,
"141259",141259,MiniPAT,2016-04-11 07:56:15,GPE,,36.00000000,-34.55688095,,194460,17980,0,55560,180,1.146853,4.013985,
"141259",141259,MiniPAT,2016-04-11 08:30:43,Argos,2,40.24399948,-36.15200806,,,,,,,,,
"141259",141259,MiniPAT,2016-04-11 09:07:18,Argos,3,40.23699951,-36.16299438,,,,,,,,,
"141259",141259,MiniPAT,2016-04-11 10:02:38,Argos,3,40.23799896,-36.17599487,,,,,,,,,
"141259",141259,MiniPAT,2016-04-11 10:27:25,Argos,2,40.23199844,-36.17700195,,,,,,,,,
"141259",141259,MiniPAT,2016-04-11 11:28:40,Argos,3,40.22700119,-36.18600464,,,,,,,,,
"141259",141259,MiniPAT,2016-04-11 12:20:03,Argos,1,40.21900177,-36.20001221,,,,,,,,,
"141259",141259,MiniPAT,2016-04-11 14:00:09,Argos,B,40.20199966,-36.20599365,,,,,,,,,
"141259",141259,MiniPAT,2016-04-11 14:44:39,Argos,A,40.18500137,-36.20599365,,,,,,,,,
"141259",141259,MiniPAT,2016-04-11 15:12:19,Argos,3,40.18099976,-36.21499634,,,,,,,,,
"141259",141259,MiniPAT,2016-04-11 16:51:01,Argos,3,40.17200089,-36.23001099,,,,,,,,,
"141259",141259,MiniPAT,2016-04-11 18:16:08,Argos,2,40.16099930,-36.23400879,,,,,,,,,
"141259",141259,MiniPAT,2016-04-11 18:32:58,Argos,2,40.16600037,-36.23599243,,,,,,,,,
"141259",141259,MiniPAT,2016-04-11 18:32:58,Argos,3,40.16500092,-36.23699951,,,,,,,,,
"141259",141259,MiniPAT,2016-04-11 19:41:15,Argos,2,40.16299820,-36.23901367,,,,,,,,,
"141259",141259,MiniPAT,2016-04-11 19:59:06,Argos,3,40.16199875,-36.24200439,,,,,,,,,
"141259",141259,MiniPAT,2016-04-11 20:05:02,Argos,3,40.15999985,-36.23999023,,,,,,,,,
"141259",141259,MiniPAT,2016-04-11 21:10:19,Argos,B,40.15299988,-36.24700928,,,,,,,,,
"141259",141259,MiniPAT,2016-04-11 21:15:15,Argos,3,40.15700150,-36.24798584,,,,,,,,,
"141259",141259,MiniPAT,2016-04-11 21:21:15,GPE,,34.50000000,-35.60317993,,361140,184547,0,55560,180,2.370429,15.407790,
"141259",141259,MiniPAT,2016-04-11 21:36:57,Argos,3,40.15399933,-36.24700928,,,,,,,,,
"141259",141259,MiniPAT,2016-04-11 21:51:42,Argos,B,40.15200043,-36.25000000,,,,,,,,,
"141259",141259,MiniPAT,2016-04-11 22:03:33,Argos,B,40.15900040,-36.25201416,,,,,,,,,
"141259",141259,MiniPAT,2016-04-11 22:43:06,Argos,3,40.15399933,-36.25100708,,,,,,,,,
"141259",141259,MiniPAT,2016-04-11 23:00:55,Argos,2,40.15900040,-36.25201416,,,,,,,,,
"141259",141259,MiniPAT,2016-04-11 23:45:21,Argos,2,40.15299988,-36.25201416,,,,,,,,,
"141259",141259,MiniPAT,2016-04-12 00:24:47,Argos,3,40.15599823,-36.25601196,,,,,,,,,
"141259",141259,MiniPAT,2016-04-12 03:29:29,Argos,B,40.14599991,-36.23800659,,,,,,,,,
"141259",141259,MiniPAT,2016-04-12 05:12:04,Argos,3,40.15599823,-36.25500488,,,,,,,,,
"141259",141259,MiniPAT,2016-04-12 06:42:59,Argos,A,40.15800095,-36.26098633,,,,,,,,,
"141259",141259,MiniPAT,2016-04-12 06:50:53,Argos,3,40.17200089,-36.27200317,,,,,,,,,
"141259",141259,MiniPAT,2016-04-12 07:01:48,Argos,3,40.16699982,-36.27099609,,,,,,,,,
"141259",141259,MiniPAT,2016-04-12 08:21:53,Argos,2,40.17599869,-36.27301025,,,,,,,,,
"141259",141259,MiniPAT,2016-04-12 08:29:46,Argos,2,40.17599869,-36.26800537,,,,,,,,,
"141259",141259,MiniPAT,2016-04-12 08:30:00,GPE,,35.50000000,-36.03570938,,305580,119093,0,55560,180,2.264201,12.453100,
"141259",141259,MiniPAT,2016-04-12 08:30:45,Argos,3,40.17599869,-36.27301025,,,,,,,,,
"141259",141259,MiniPAT,2016-04-12 09:52:05,Argos,3,40.17399979,-36.26599121,,,,,,,,,
"141259",141259,MiniPAT,2016-04-12 10:05:54,Argos,2,40.16999817,-36.26098633,,,,,,,,,
"141259",141259,MiniPAT,2016-04-12 11:07:16,Argos,2,40.16400146,-36.24899292,,,,,,,,,
"141259",141259,MiniPAT,2016-04-12 12:01:54,Argos,1,40.16799927,-36.23901367,,,,,,,,,
"141259",141259,MiniPAT,2016-04-12 13:33:06,Argos,B,40.16600037,-36.22500610,,,,,,,,,
"141259",141259,MiniPAT,2016-04-12 14:26:25,Argos,2,40.16999817,-36.23599243,,,,,,,,,
"141259",141259,MiniPAT,2016-04-12 15:04:00,Argos,2,40.15900040,-36.25601196,,,,,,,,,
"141259",141259,MiniPAT,2016-04-12 16:42:52,Argos,2,40.15100098,-36.25601196,,,,,,,,,
"141259",141259,MiniPAT,2016-04-12 18:05:55,Argos,0,40.14699936,-36.26501465,,,,,,,,,
"141259",141259,MiniPAT,2016-04-12 18:21:42,Argos,1,40.15499878,-36.27801514,,,,,,,,,
"141259",141259,MiniPAT,2016-04-12 19:10:05,Argos,0,40.16199875,-36.29098511,,,,,,,,,
"141259",141259,MiniPAT,2016-04-12 19:44:47,Argos,0,40.15000153,-36.28100586,,,,,,,,,
"141259",141259,MiniPAT,2016-04-12 19:51:42,Argos,1,40.15200043,-36.28799438,,,,,,,,,
"141259",141259,MiniPAT,2016-04-12 20:45:05,Argos,1,40.15499878,-36.30200195,,,,,,,,,
"141259",141259,MiniPAT,2016-04-12 21:19:39,Argos,1,40.16400146,-36.30801392,,,,,,,,,
"141259",141259,MiniPAT,2016-04-12 21:26:36,Argos,1,40.16099930,-36.30999756,,,,,,,,,
"141259",141259,MiniPAT,2016-04-12 21:27:30,GPE,,35.50000000,-35.63779068,,250020,82587,0,55560,180,1.862472,8.381123,
"141259",141259,MiniPAT,2016-04-12 22:24:51,Argos,2,40.16199875,-36.31500244,,,,,,,,,
"141259",141259,MiniPAT,2016-04-12 22:30:49,Argos,2,40.15800095,-36.32000732,,,,,,,,,
"141259",141259,MiniPAT,2016-04-12 23:15:16,Argos,1,40.16299820,-36.33300781,,,,,,,,,
"141259",141259,MiniPAT,2016-04-13 00:01:48,Argos,3,40.16600037,-36.32400513,,,,,,,,,
"141259",141259,MiniPAT,2016-04-13 00:59:11,Argos,B,40.16899872,-36.33999634,,,,,,,,,
"141259",141259,MiniPAT,2016-04-13 05:07:19,Argos,3,40.14400101,-36.34201050,,,,,,,,,
"141259",141259,MiniPAT,2016-04-13 06:27:37,Argos,1,40.13399887,-36.33700562,,,,,,,,,
"141259",141259,MiniPAT,2016-04-13 06:38:33,Argos,2,40.12599945,-36.34500122,,,,,,,,,
"141259",141259,MiniPAT,2016-04-13 07:46:15,GPE,,35.50000000,-35.63779068,,250020,82587,0,55560,180,1.862472,8.381123,
"141259",141259,MiniPAT,2016-04-13 07:55:45,Argos,3,40.11800003,-36.35198975,,,,,,,,,
"141259",141259,MiniPAT,2016-04-13 08:07:36,Argos,3,40.11600113,-36.35299683,,,,,,,,,
"141259",141259,MiniPAT,2016-04-13 08:11:34,Argos,2,40.11600113,-36.35998535,,,,,,,,,
"141259",141259,MiniPAT,2016-04-13 09:40:35,Argos,2,40.10699844,-36.36801147,,,,,,,,,
"141259",141259,MiniPAT,2016-04-13 09:44:32,Argos,2,40.10499954,-36.36199951,,,,,,,,,
"141259",141259,MiniPAT,2016-04-13 09:48:29,Argos,1,40.10300064,-36.37298584,,,,,,,,,
"141259",141259,MiniPAT,2016-04-13 10:44:50,Argos,A,40.09600067,-36.37600708,,,,,,,,,
"141259",141259,MiniPAT,2016-04-13 11:35:14,Argos,0,40.09799957,-36.37399292,,,,,,,,,
"141259",141259,MiniPAT,2016-04-13 13:15:04,Argos,3,40.09400177,-36.38000488,,,,,,,,,
"141259",141259,MiniPAT,2016-04-13 14:51:50,Argos,2,40.09999847,-36.38900757,,,,,,,,,
"141259",141259,MiniPAT,2016-04-13 16:20:49,Argos,0,40.09500122,-36.39801025,,,,,,,,,
"141259",141259,MiniPAT,2016-04-13 17:52:44,Argos,1,40.09799957,-36.38598633,,,,,,,,,
"141259",141259,MiniPAT,2016-04-13 18:06:35,Argos,1,40.10499954,-36.37799072,,,,,,,,,
"141259",141259,MiniPAT,2016-04-13 19:25:31,Argos,3,40.11000061,-36.36401367,,,,,,,,,
"141259",141259,MiniPAT,2016-04-13 19:35:24,Argos,2,40.11000061,-36.35998535,,,,,,,,,
"141259",141259,MiniPAT,2016-04-13 20:13:56,Argos,3,40.11000061,-36.34600830,,,,,,,,,
"141259",141259,MiniPAT,2016-04-13 21:06:19,Argos,1,40.11199951,-36.33200073,,,,,,,,,
"141259",141259,MiniPAT,2016-04-13 22:01:37,Argos,2,40.11700058,-36.30899048,,,,,,,,,
"141259",141259,MiniPAT,2016-04-13 22:01:37,Argos,3,40.11600113,-36.31698608,,,,,,,,,
"141259",141259,MiniPAT,2016-04-13 22:58:59,Argos,2,40.11800003,-36.28698730,,,,,,,,,
"141259",141259,MiniPAT,2016-04-13 23:40:25,Argos,3,40.11700058,-36.27999878,,,,,,,,,
"141259",141259,MiniPAT,2016-04-14 00:33:44,Argos,A,40.11800003,-36.26300049,,,,,,,,,
"141259",141259,MiniPAT,2016-04-14 01:30:05,Argos,A,40.11999893,-36.25900269,,,,,,,,,
"141259",141259,MiniPAT,2016-04-14 04:48:45,Argos,3,40.13000107,-36.18701172,,,,,,,,,
"141259",141259,MiniPAT,2016-04-14 05:56:56,Argos,B,40.12599945,-36.17300415,,,,,,,,,
"141259",141259,MiniPAT,2016-04-14 06:36:26,Argos,3,40.12799835,-36.14999390,,,,,,,,,
"141259",141259,MiniPAT,2016-04-14 07:38:34,Argos,3,40.12799835,-36.14498901,,,,,,,,,
"141259",141259,MiniPAT,2016-04-14 07:51:29,Argos,2,40.12799835,-36.14001465,,,,,,,,,
"141259",141259,MiniPAT,2016-04-14 09:09:28,Argos,2,40.12400055,-36.13299561,,,,,,,,,
"141259",141259,MiniPAT,2016-04-14 09:19:23,Argos,3,40.12400055,-36.13000488,,,,,,,,,
"141259",141259,MiniPAT,2016-04-14 09:37:11,Argos,3,40.12300110,-36.12899780,,,,,,,,,
"141259",141259,MiniPAT,2016-04-14 10:55:06,Argos,B,40.11999893,-36.10699463,,,,,,,,,
"141259",141259,MiniPAT,2016-04-14 11:13:53,Argos,B,40.11000061,-36.12600708,,,,,,,,,
"141259",141259,MiniPAT,2016-04-14 11:13:53,Argos,A,40.11000061,-36.12701416,,,,,,,,,
"141259",141259,MiniPAT,2016-04-14 12:52:42,Argos,3,40.10100174,-36.12298584,,,,,,,,,
"141259",141259,MiniPAT,2016-04-14 14:39:29,Argos,2,40.08800125,-36.13299561,,,,,,,,,
"141259",141259,MiniPAT,2016-04-14 16:22:09,Argos,2,40.07500076,-36.14801025,,,,,,,,,
"141259",141259,MiniPAT,2016-04-14 17:17:26,Argos,B,40.06900024,-36.14999390,,,,,,,,,
"141259",141259,MiniPAT,2016-04-14 17:55:02,Argos,2,40.07199860,-36.16299438,,,,,,,,,
"141259",141259,MiniPAT,2016-04-14 19:00:24,Argos,3,40.06800079,-36.17199707,,,,,,,,,
"141259",141259,MiniPAT,2016-04-14 19:24:04,Argos,3,40.06800079,-36.17401123,,,,,,,,,
"141259",141259,MiniPAT,2016-04-14 19:47:43,Argos,2,40.06700134,-36.17300415,,,,,,,,,
"141259",141259,MiniPAT,2016-04-14 20:31:13,Argos,3,40.06999969,-36.17898560,,,,,,,,,
"141259",141259,MiniPAT,2016-04-14 21:04:53,Argos,3,40.07099915,-36.18301392,,,,,,,,,
"141259",141259,MiniPAT,2016-04-14 21:20:43,Argos,3,40.07199860,-36.18701172,,,,,,,,,
"141259",141259,MiniPAT,2016-04-14 21:43:26,Argos,1,40.07500076,-36.19000244,,,,,,,,,
"141259",141259,MiniPAT,2016-04-14 22:34:52,Argos,2,40.07300186,-36.19000244,,,,,,,,,
"141259",141259,MiniPAT,2016-04-14 23:05:33,Argos,A,40.07300186,-36.21099854,,,,,,,,,
"141259",141259,MiniPAT,2016-04-14 23:22:23,Argos,1,40.07099915,-36.20999146,,,,,,,,,
"141259",141259,MiniPAT,2016-04-15 00:16:37,Argos,0,40.07799911,-36.19900513,,,,,,,,,
"141259",141259,MiniPAT,2016-04-15 01:03:00,Argos,3,40.08200073,-36.20001221,,,,,,,,,
"141259",141259,MiniPAT,2016-04-15 04:40:12,Argos,3,40.08100128,-36.21099854,,,,,,,,,
"141259",141259,MiniPAT,2016-04-15 06:25:57,Argos,3,40.08100128,-36.21701050,,,,,,,,,
"141259",141259,MiniPAT,2016-04-15 07:04:31,Argos,3,40.08100128,-36.22500610,,,,,,,,,
"141259",141259,MiniPAT,2016-04-15 07:07:28,Argos,3,40.08399963,-36.22100830,,,,,,,,,
"141259",141259,MiniPAT,2016-04-15 07:40:01,Argos,3,40.08200073,-36.22698975,,,,,,,,,
"141259",141259,MiniPAT,2016-04-15 07:59:44,Argos,B,40.08200073,-36.23001099,,,,,,,,,
"141259",141259,MiniPAT,2016-04-15 08:36:15,Argos,3,40.08399963,-36.23001099,,,,,,,,,
"141259",141259,MiniPAT,2016-04-15 08:49:06,Argos,2,40.08700180,-36.23098755,,,,,,,,,
"141259",141259,MiniPAT,2016-04-15 09:27:38,Argos,2,40.08700180,-36.23400879,,,,,,,,,
"141259",141259,MiniPAT,2016-04-15 10:29:50,Argos,1,40.09199905,-36.24600220,,,,,,,,,
"141259",141259,MiniPAT,2016-04-15 10:58:37,Argos,B,40.09299850,-36.25100708,,,,,,,,,
"141259",141259,MiniPAT,2016-04-15 11:00:35,Argos,B,40.07799911,-36.23498535,,,,,,,,,
"141259",141259,MiniPAT,2016-04-15 11:47:03,Argos,3,40.09799957,-36.25201416,,,,,,,,,
"141259",141259,MiniPAT,2016-04-15 12:38:24,Argos,2,40.10100174,-36.25399780,,,,,,,,,
"141259",141259,MiniPAT,2016-04-15 14:19:04,Argos,B,40.11100006,-36.27099609,,,,,,,,,
"141259",141259,MiniPAT,2016-04-15 14:28:57,Argos,B,40.10800171,-36.28500366,,,,,,,,,
"141259",141259,MiniPAT,2016-04-15 16:09:50,Argos,3,40.11899948,-36.28399658,,,,,,,,,
"141259",141259,MiniPAT,2016-04-15 17:25:56,Argos,B,40.13000107,-36.29998779,,,,,,,,,
"141259",141259,MiniPAT,2016-04-15 17:45:45,Argos,3,40.13000107,-36.29598999,,,,,,,,,
"141259",141259,MiniPAT,2016-04-15 18:30:22,Argos,2,40.13000107,-36.30099487,,,,,,,,,
"141259",141259,MiniPAT,2016-04-15 19:12:47,Argos,3,40.13600159,-36.30200195,,,,,,,,,
"141259",141259,MiniPAT,2016-04-15 19:15:45,Argos,2,40.13899994,-36.30599976,,,,,,,,,
"141259",141259,MiniPAT,2016-04-15 20:44:53,Argos,3,40.14899826,-36.31201172,,,,,,,,,
"141259",141259,MiniPAT,2016-04-15 20:52:46,Argos,1,40.14899826,-36.30801392,,,,,,,,,
"141259",141259,MiniPAT,2016-04-15 21:49:10,Argos,A,40.14400101,-36.31298828,,,,,,,,,
"141259",141259,MiniPAT,2016-04-15 22:20:45,Argos,A,40.15800095,-36.32501221,,,,,,,,,
"141259",141259,MiniPAT,2016-04-15 22:36:36,Argos,1,40.16699982,-36.32101440,,,,,,,,,
"141259",141259,MiniPAT,2016-04-15 23:02:19,Argos,3,40.16400146,-36.32800293,,,,,,,,,
"141259",141259,MiniPAT,2016-04-15 23:53:41,Argos,3,40.17499924,-36.32598877,,,,,,,,,
"141259",141259,MiniPAT,2016-04-16 00:41:08,Argos,2,40.17599869,-36.33801270,,,,,,,,,
"141259",141259,MiniPAT,2016-04-16 04:28:37,Argos,3,40.20299911,-36.36700439,,,,,,,,,
"141259",141259,MiniPAT,2016-04-16 06:13:29,Argos,3,40.20700073,-36.36999512,,,,,,,,,
"141259",141259,MiniPAT,2016-04-16 06:34:14,Argos,2,40.20800018,-36.36898804,,,,,,,,,
"141259",141259,MiniPAT,2016-04-16 07:29:38,Argos,2,40.21400070,-36.37500000,,,,,,,,,
"141259",141259,MiniPAT,2016-04-16 07:46:22,Argos,B,40.21099854,-36.37399292,,,,,,,,,
"141259",141259,MiniPAT,2016-04-16 08:15:05,Argos,3,40.22200012,-36.37298584,,,,,,,,,
"141259",141259,MiniPAT,2016-04-16 08:21:59,Argos,2,40.22100067,-36.37600708,,,,,,,,,
"141259",141259,MiniPAT,2016-04-16 09:09:29,Argos,3,40.22600174,-36.37701416,,,,,,,,,
"141259",141259,MiniPAT,2016-04-16 09:53:02,Argos,0,40.22700119,-36.37701416,,,,,,,,,
"141259",141259,MiniPAT,2016-04-16 10:07:52,Argos,2,40.22800064,-36.37399292,,,,,,,,,
"141259",141259,MiniPAT,2016-04-16 10:52:24,Argos,1,40.22800064,-36.37799072,,,,,,,,,
"141259",141259,MiniPAT,2016-04-16 11:22:03,Argos,2,40.22999954,-36.37701416,,,,,,,,,
"141259",141259,MiniPAT,2016-04-16 12:12:41,Argos,2,40.22999954,-36.37298584,,,,,,,,,
"141259",141259,MiniPAT,2016-04-16 13:52:39,Argos,A,40.23500061,-36.37600708,,,,,,,,,
"141259",141259,MiniPAT,2016-04-16 14:12:22,Argos,B,40.23500061,-36.37600708,,,,,,,,,
"141259",141259,MiniPAT,2016-04-16 14:42:00,Argos,1,40.24300003,-36.37200928,,,,,,,,,
"141259",141259,MiniPAT,2016-04-16 15:59:06,Argos,2,40.23500061,-36.39099121,,,,,,,,,
"141259",141259,MiniPAT,2016-04-16 17:40:00,Argos,2,40.24300003,-36.39099121,,,,,,,,,
"141259",141259,MiniPAT,2016-04-16 18:08:39,Argos,2,40.23799896,-36.39700317,,,,,,,,,
"141259",141259,MiniPAT,2016-04-16 19:01:05,Argos,3,40.25000000,-36.40301514,,,,,,,,,
"141259",141259,MiniPAT,2016-04-16 19:39:38,Argos,1,40.25600052,-36.40200806,,,,,,,,,
"141259",141259,MiniPAT,2016-04-16 20:20:18,Argos,2,40.26200104,-36.41198730,,,,,,,,,
"141259",141259,MiniPAT,2016-04-16 20:42:02,Argos,3,40.26300049,-36.41598511,,,,,,,,,
"141259",141259,MiniPAT,2016-04-16 21:06:50,Argos,B,40.26499939,-36.42001343,,,,,,,,,
"141259",141259,MiniPAT,2016-04-16 21:22:37,Argos,2,40.26499939,-36.42401123,,,,,,,,,
"141259",141259,MiniPAT,2016-04-16 22:00:09,Argos,A,40.27199936,-36.42700195,,,,,,,,,
"141259",141259,MiniPAT,2016-04-16 22:07:04,Argos,3,40.27199936,-36.42898560,,,,,,,,,
"141259",141259,MiniPAT,2016-04-16 22:40:46,Argos,3,40.28099823,-36.43499756,,,,,,,,,
"141259",141259,MiniPAT,2016-04-16 23:35:17,Argos,3,40.28900146,-36.44000244,,,,,,,,,
"141259",141259,MiniPAT,2016-04-17 00:20:45,Argos,3,40.29499817,-36.44400024,,,,,,,,,
"141259",141259,MiniPAT,2016-04-17 04:15:20,Argos,A,40.34099960,-36.45401001,,,,,,,,,
"141259",141259,MiniPAT,2016-04-17 06:01:15,Argos,3,40.32899857,-36.48300171,,,,,,,,,
"141259",141259,MiniPAT,2016-04-17 06:02:14,Argos,1,40.33100128,-36.48699951,,,,,,,,,
"141259",141259,MiniPAT,2016-04-17 07:16:26,Argos,2,40.33200073,-36.50399780,,,,,,,,,
"141259",141259,MiniPAT,2016-04-17 07:38:14,Argos,2,40.33599854,-36.49899292,,,,,,,,,
"141259",141259,MiniPAT,2016-04-17 07:43:09,Argos,3,40.33599854,-36.50201416,,,,,,,,,
"141259",141259,MiniPAT,2016-04-17 07:59:06,Argos,3,40.33700180,-36.51199341,,,,,,,,,
"141259",141259,MiniPAT,2016-04-17 08:57:38,Argos,2,40.34199905,-36.52600098,,,,,,,,,
"141259",141259,MiniPAT,2016-04-17 09:17:25,Argos,3,40.34400177,-36.52801514,,,,,,,,,
"141259",141259,MiniPAT,2016-04-17 09:39:09,Argos,3,40.34299850,-36.53100586,,,,,,,,,
"141259",141259,MiniPAT,2016-04-17 10:42:36,Argos,2,40.34700012,-36.54501343,,,,,,,,,
"141259",141259,MiniPAT,2016-04-17 11:06:18,Argos,2,40.34799957,-36.54800415,,,,,,,,,
"141259",141259,MiniPAT,2016-04-17 11:57:42,Argos,1,40.35200119,-36.55801392,,,,,,,,,
"141259",141259,MiniPAT,2016-04-17 13:37:48,Argos,3,40.35599899,-36.58300781,,,,,,,,,
"141259",141259,MiniPAT,2016-04-17 15:46:38,Argos,3,40.36299896,-36.60998535,,,,,,,,,
"141259",141259,MiniPAT,2016-04-17 17:27:28,Argos,3,40.36600113,-36.63699341,,,,,,,,,
"141259",141259,MiniPAT,2016-04-17 17:40:18,Argos,A,40.36199951,-36.62899780,,,,,,,,,
"141259",141259,MiniPAT,2016-04-17 18:49:33,Argos,2,40.37099838,-36.65798950,,,,,,,,,
"141259",141259,MiniPAT,2016-04-17 19:16:13,Argos,3,40.37300110,-36.66500854,,,,,,,,,
"141259",141259,MiniPAT,2016-04-17 19:50:54,Argos,2,40.37500000,-36.67001343,,,,,,,,,
"141259",141259,MiniPAT,2016-04-17 20:29:27,Argos,3,40.37699890,-36.67599487,,,,,,,,,
"141259",141259,MiniPAT,2016-04-17 20:56:13,Argos,3,40.38100052,-36.68499756,,,,,,,,,
"141259",141259,MiniPAT,2016-04-17 21:25:59,Argos,3,40.38399887,-36.69299316,,,,,,,,,
"141259",141259,MiniPAT,2016-04-17 22:21:24,Argos,2,40.38700104,-36.69699097,,,,,,,,,
"141259",141259,MiniPAT,2016-04-17 23:10:51,Argos,1,40.38299942,-36.71200562,,,,,,,,,
"141259",141259,MiniPAT,2016-04-17 23:19:47,Argos,3,40.38899994,-36.70800781,,,,,,,,,
"141259",141259,MiniPAT,2016-04-17 23:58:15,Argos,3,40.38899994,-36.71398926,,,,,,,,,
"141259",141259,MiniPAT,2016-04-18 04:02:45,Argos,3,40.39099884,-36.77200317,,,,,,,,,
"141259",141259,MiniPAT,2016-04-18 05:43:35,Argos,2,40.39300156,-36.80700684,,,,,,,,,
"141259",141259,MiniPAT,2016-04-18 07:04:37,Argos,B,40.39400101,-36.82800293,,,,,,,,,
"141259",141259,MiniPAT,2016-04-18 07:13:31,Argos,3,40.39199829,-36.82901001,,,,,,,,,
"141259",141259,MiniPAT,2016-04-18 07:28:19,Argos,2,40.39400101,-36.83099365,,,,,,,,,
"141259",141259,MiniPAT,2016-04-18 07:34:17,Argos,2,40.39599991,-36.83401489,,,,,,,,,
"141259",141259,MiniPAT,2016-04-18 08:45:35,Argos,1,40.39500046,-36.84600830,,,,,,,,,
"141259",141259,MiniPAT,2016-04-18 08:45:35,Argos,3,40.39799881,-36.85101318,,,,,,,,,
"141259",141259,MiniPAT,2016-04-18 09:19:12,Argos,3,40.39799881,-36.85800171,,,,,,,,,
"141259",141259,MiniPAT,2016-04-18 10:30:27,Argos,3,40.40200043,-36.86999512,,,,,,,,,
"141259",141259,MiniPAT,2016-04-18 10:41:20,Argos,B,40.40200043,-36.87600708,,,,,,,,,
"141259",141259,MiniPAT,2016-04-18 10:55:11,Argos,1,40.40999985,-36.86898804,,,,,,,,,
"141259",141259,MiniPAT,2016-04-18 11:30:40,Argos,A,40.40599823,-36.88900757,,,,,,,,,
"141259",141259,MiniPAT,2016-04-18 13:09:16,Argos,3,40.40499878,-36.88400269,,,,,,,,,
"141259",141259,MiniPAT,2016-04-18 15:35:55,Argos,3,40.39899826,-36.89898682,,,,,,,,,
"141259",141259,MiniPAT,2016-04-18 17:07:23,Argos,3,40.39199829,-36.91198730,,,,,,,,,
"141259",141259,MiniPAT,2016-04-18 18:38:51,Argos,3,40.38999939,-36.92999268,,,,,,,,,
"141259",141259,MiniPAT,2016-04-18 19:01:29,Argos,3,40.38999939,-36.93301392,,,,,,,,,
"141259",141259,MiniPAT,2016-04-18 19:22:08,Argos,3,40.38800049,-36.93399048,,,,,,,,,
"141259",141259,MiniPAT,2016-04-18 20:19:10,Argos,3,40.39099884,-36.94198608,,,,,,,,,
"141259",141259,MiniPAT,2016-04-18 20:34:54,Argos,3,40.39099884,-36.94699097,,,,,,,,,
"141259",141259,MiniPAT,2016-04-18 20:59:29,Argos,1,40.39099884,-36.94500732,,,,,,,,,
"141259",141259,MiniPAT,2016-04-18 21:54:33,Argos,1,40.39199829,-36.95901489,,,,,,,,,
"141259",141259,MiniPAT,2016-04-18 22:00:27,Argos,3,40.39599991,-36.95700073,,,,,,,,,
"141259",141259,MiniPAT,2016-04-18 22:41:45,Argos,3,40.39899826,-36.96099854,,,,,,,,,
"141259",141259,MiniPAT,2016-04-18 22:59:27,Argos,3,40.39899826,-36.96200562,,,,,,,,,
"141259",141259,MiniPAT,2016-04-18 23:48:37,Argos,3,40.40100098,-36.96701050,,,,,,,,,
"141259",141259,MiniPAT,2016-04-19 00:32:52,Argos,2,40.40599823,-36.96798706,,,,,,,,,
"141259",141259,MiniPAT,2016-04-19 01:21:03,Argos,2,40.41199875,-36.97198486,,,,,,,,,
"141259",141259,MiniPAT,2016-04-19 03:55:31,Argos,2,40.42200089,-36.97399902,,,,,,,,,
"141259",141259,MiniPAT,2016-04-19 05:40:10,Argos,0,40.42599869,-36.96600342,,,,,,,,,
"141259",141259,MiniPAT,2016-04-19 06:40:26,Argos,3,40.42800140,-36.98098755,,,,,,,,,
"141259",141259,MiniPAT,2016-04-19 06:53:19,Argos,A,40.43500137,-36.97900391,,,,,,,,,
"141259",141259,MiniPAT,2016-04-19 07:12:08,Argos,3,40.43000031,-36.98199463,,,,,,,,,
"141259",141259,MiniPAT,2016-04-19 07:14:08,Argos,3,40.43199921,-36.98199463,,,,,,,,,
"141259",141259,MiniPAT,2016-04-19 08:22:18,Argos,3,40.43099976,-36.98999023,,,,,,,,,
"141259",141259,MiniPAT,2016-04-19 08:35:08,Argos,2,40.43199921,-36.99200439,,,,,,,,,
"141259",141259,MiniPAT,2016-04-19 09:53:27,Argos,B,40.43600082,-37.00100708,,,,,,,,,
"141259",141259,MiniPAT,2016-04-19 10:11:15,Argos,3,40.43600082,-37.00698853,,,,,,,,,
"141259",141259,MiniPAT,2016-04-19 10:20:10,Argos,B,40.43600082,-37.00799561,,,,,,,,,
"141259",141259,MiniPAT,2016-04-19 10:27:04,Argos,2,40.43899918,-37.00698853,,,,,,,,,
"141259",141259,MiniPAT,2016-04-19 11:08:49,Argos,1,40.44300079,-37.01501465,,,,,,,,,
"141259",141259,MiniPAT,2016-04-19 15:22:41,Argos,1,40.47000122,-37.06298828,,,,,,,,,
"141259",141259,MiniPAT,2016-04-19 16:55:51,Argos,3,40.48799896,-37.07000732,,,,,,,,,
"141259",141259,MiniPAT,2016-04-19 18:23:24,Argos,2,40.49300003,-37.07501221,,,,,,,,,
"141259",141259,MiniPAT,2016-04-19 18:33:18,Argos,3,40.49900055,-37.08099365,,,,,,,,,
"141259",141259,MiniPAT,2016-04-19 18:41:14,Argos,B,40.50000000,-37.08200073,,,,,,,,,
"141259",141259,MiniPAT,2016-04-19 20:05:55,Argos,2,40.50799942,-37.10101318,,,,,,,,,
"141259",141259,MiniPAT,2016-04-19 20:34:40,Argos,3,40.51100159,-37.10198975,,,,,,,,,
"141259",141259,MiniPAT,2016-04-19 21:40:21,Argos,2,40.51800156,-37.11300659,,,,,,,,,
"141259",141259,MiniPAT,2016-04-19 21:43:19,Argos,B,40.51900101,-37.11401367,,,,,,,,,
"141259",141259,MiniPAT,2016-04-19 21:52:17,Argos,0,40.50199890,-37.11300659,,,,,,,,,
"141259",141259,MiniPAT,2016-04-19 22:31:53,Argos,1,40.53300095,-37.12298584,,,,,,,,,
"141259",141259,MiniPAT,2016-04-19 23:18:48,Argos,1,40.53599930,-37.13101196,,,,,,,,,
"141259",141259,MiniPAT,2016-04-20 00:12:25,Argos,A,40.53699875,-37.14401245,,,,,,,,,
"141259",141259,MiniPAT,2016-04-20 00:59:16,Argos,2,40.54700089,-37.14999390,,,,,,,,,
"141259",141259,MiniPAT,2016-04-20 03:44:27,Argos,B,40.56700134,-37.17599487,,,,,,,,,
"141259",141259,MiniPAT,2016-04-20 05:17:00,Argos,2,40.58399963,-37.20300293,,,,,,,,,
"141259",141259,MiniPAT,2016-04-20 06:04:40,Argos,B,40.59000015,-37.20199585,,,,,,,,,
"141259",141259,MiniPAT,2016-04-20 07:00:27,Argos,1,40.58900070,-37.22299194,,,,,,,,,
"141259",141259,MiniPAT,2016-04-20 07:49:22,Argos,2,40.59500122,-37.23001099,,,,,,,,,
"141259",141259,MiniPAT,2016-04-20 08:29:20,Argos,3,40.59899902,-37.24600220,,,,,,,,,
"141259",141259,MiniPAT,2016-04-20 08:30:21,Argos,2,40.59799957,-37.23999023,,,,,,,,,
"141259",141259,MiniPAT,2016-04-20 09:21:09,Argos,2,40.59899902,-37.26098633,,,,,,,,,
"141259",141259,MiniPAT,2016-04-20 10:01:07,Argos,1,40.60900116,-37.26800537,,,,,,,,,
"141259",141259,MiniPAT,2016-04-20 10:06:04,Argos,2,40.60699844,-37.26400757,,,,,,,,,
"141259",141259,MiniPAT,2016-04-20 11:42:36,Argos,2,40.62500000,-37.28298950,,,,,,,,,
"141259",141259,MiniPAT,2016-04-20 12:29:22,Argos,0,40.63000107,-37.27801514,,,,,,,,,
"141259",141259,MiniPAT,2016-04-20 14:58:08,Argos,B,40.65900040,-37.31399536,,,,,,,,,
"141259",141259,MiniPAT,2016-04-20 15:13:03,Argos,2,40.66199875,-37.31698608,,,,,,,,,
"141259",141259,MiniPAT,2016-04-20 16:43:43,Argos,2,40.68799973,-37.32598877,,,,,,,,,
"141259",141259,MiniPAT,2016-04-20 18:09:13,Argos,1,40.70999908,-37.33200073,,,,,,,,,
"141259",141259,MiniPAT,2016-04-20 18:10:15,Argos,1,40.70500183,-37.31500244,,,,,,,,,
"141259",141259,MiniPAT,2016-04-20 18:30:02,Argos,A,40.70999908,-37.31298828,,,,,,,,,
"141259",141259,MiniPAT,2016-04-20 19:55:30,Argos,1,40.73099899,-37.32501221,,,,,,,,,
"141259",141259,MiniPAT,2016-04-20 19:56:30,Argos,3,40.73099899,-37.32699585,,,,,,,,,
"141259",141259,MiniPAT,2016-04-20 21:23:24,Argos,A,40.75299835,-37.32901001,,,,,,,,,
"141259",141259,MiniPAT,2016-04-20 21:28:22,Argos,2,40.74399948,-37.33300781,,,,,,,,,
"141259",141259,MiniPAT,2016-04-20 21:32:20,Argos,2,40.74300003,-37.33200073,,,,,,,,,
"141259",141259,MiniPAT,2016-04-20 21:41:15,Argos,3,40.74700165,-37.33898926,,,,,,,,,
"141259",141259,MiniPAT,2016-04-20 22:18:06,Argos,2,40.74900055,-37.35400391,,,,,,,,,
"141259",141259,MiniPAT,2016-04-20 22:58:58,Argos,3,40.75500107,-37.35501099,,,,,,,,,
"141259",141259,MiniPAT,2016-04-20 23:57:36,Argos,B,40.76399994,-37.36401367,,,,,,,,,
"141259",141259,MiniPAT,2016-04-21 00:38:25,Argos,2,40.75899887,-37.37899780,,,,,,,,,
"141259",141259,MiniPAT,2016-04-21 03:28:19,Argos,B,40.76499939,-37.43301392,,,,,,,,,
"141259",141259,MiniPAT,2016-04-21 05:17:30,Argos,3,40.73699951,-37.45001221,,,,,,,,,
"141259",141259,MiniPAT,2016-04-21 06:48:58,Argos,3,40.72100067,-37.47698975,,,,,,,,,
"141259",141259,MiniPAT,2016-04-21 07:15:50,Argos,3,40.72000122,-37.48300171,,,,,,,,,
"141259",141259,MiniPAT,2016-04-21 08:01:28,Argos,3,40.71200180,-37.49899292,,,,,,,,,
"141259",141259,MiniPAT,2016-04-21 08:18:17,Argos,3,40.70999908,-37.50100708,,,,,,,,,
"141259",141259,MiniPAT,2016-04-21 08:50:03,Argos,3,40.70199966,-37.51098633,,,,,,,,,
"141259",141259,MiniPAT,2016-04-21 09:48:52,Argos,3,40.69200134,-37.52700806,,,,,,,,,
"141259",141259,MiniPAT,2016-04-21 11:20:59,Argos,2,40.68199921,-37.54299927,,,,,,,,,
"141259",141259,MiniPAT,2016-04-21 12:09:31,Argos,2,40.66799927,-37.54699707,,,,,,,,,
"141259",141259,MiniPAT,2016-04-21 13:54:06,Argos,B,40.65000153,-37.57199097,,,,,,,,,
"141259",141259,MiniPAT,2016-04-21 14:38:53,Argos,A,40.64400101,-37.58099365,,,,,,,,,
"141259",141259,MiniPAT,2016-04-21 15:02:49,Argos,2,40.64699936,-37.57400513,,,,,,,,,
"141259",141259,MiniPAT,2016-04-21 16:41:02,Argos,1,40.63399887,-37.59899902,,,,,,,,,
"141259",141259,MiniPAT,2016-04-21 17:42:34,Argos,B,40.62500000,-37.60998535,,,,,,,,,
"141259",141259,MiniPAT,2016-04-21 18:01:22,Argos,B,40.62400055,-37.61300659,,,,,,,,,
"141259",141259,MiniPAT,2016-04-21 18:16:15,Argos,2,40.62200165,-37.60400391,,,,,,,,,
"141259",141259,MiniPAT,2016-04-21 19:18:49,Argos,3,40.61999893,-37.61499023,,,,,,,,,
"141259",141259,MiniPAT,2016-04-21 19:26:46,Argos,2,40.61800003,-37.61199951,,,,,,,,,
"141259",141259,MiniPAT,2016-04-21 19:42:36,Argos,2,40.61899948,-37.61599731,,,,,,,,,
"141259",141259,MiniPAT,2016-04-21 20:57:08,Argos,3,40.61299896,-37.62899780,,,,,,,,,
"141259",141259,MiniPAT,2016-04-21 21:03:09,Argos,1,40.61399841,-37.63000488,,,,,,,,,
"141259",141259,MiniPAT,2016-04-21 21:22:59,Argos,2,40.60499954,-37.62799072,,,,,,,,,
"141259",141259,MiniPAT,2016-04-21 21:58:37,Argos,B,40.60100174,-37.63500977,,,,,,,,,
"141259",141259,MiniPAT,2016-04-21 22:38:23,Argos,3,40.60699844,-37.62899780,,,,,,,,,
"141259",141259,MiniPAT,2016-04-21 22:47:20,Argos,1,40.60499954,-37.63299561,,,,,,,,,
"141259",141259,MiniPAT,2016-04-21 23:38:07,Argos,1,40.59500122,-37.66101074,,,,,,,,,
"141259",141259,MiniPAT,2016-04-22 00:16:53,Argos,3,40.59400177,-37.64401245,,,,,,,,,
"141259",141259,MiniPAT,2016-04-22 05:03:04,Argos,3,40.57799911,-37.68499756,,,,,,,,,
"141259",141259,MiniPAT,2016-04-22 06:43:19,Argos,3,40.56600189,-37.69299316,,,,,,,,,
"141259",141259,MiniPAT,2016-04-22 06:47:20,Argos,2,40.56800079,-37.69100952,,,,,,,,,
"141259",141259,MiniPAT,2016-04-22 07:34:58,Argos,2,40.55500031,-37.70098877,,,,,,,,,
"141259",141259,MiniPAT,2016-04-22 08:05:41,Argos,2,40.54999924,-37.69900513,,,,,,,,,
"141259",141259,MiniPAT,2016-04-22 08:27:27,Argos,2,40.54399872,-37.70098877,,,,,,,,,
"141259",141259,MiniPAT,2016-04-22 09:18:02,Argos,2,40.52799988,-37.69601440,,,,,,,,,
"141259",141259,MiniPAT,2016-04-22 09:37:55,Argos,3,40.52299881,-37.70901489,,,,,,,,,
"141259",141259,MiniPAT,2016-04-22 10:03:44,Argos,B,40.52700043,-37.70999146,,,,,,,,,
"141259",141259,MiniPAT,2016-04-22 10:54:27,Argos,B,40.50199890,-37.69299316,,,,,,,,,
"141259",141259,MiniPAT,2016-04-22 11:00:27,Argos,1,40.49599838,-37.70098877,,,,,,,,,
"141259",141259,MiniPAT,2016-04-22 11:49:11,Argos,1,40.48500061,-37.69900513,,,,,,,,,
"141259",141259,MiniPAT,2016-04-22 13:25:31,Argos,2,40.44900131,-37.69299316,,,,,,,,,
"141259",141259,MiniPAT,2016-04-22 14:47:52,Argos,A,40.41899872,-37.67001343,,,,,,,,,
"141259",141259,MiniPAT,2016-04-22 16:32:02,Argos,1,40.40000153,-37.71701050,,,,,,,,,
"141259",141259,MiniPAT,2016-04-22 17:47:26,Argos,B,40.38399887,-37.72000122,,,,,,,,,
"141259",141259,MiniPAT,2016-04-22 18:11:17,Argos,2,40.38299942,-37.73199463,,,,,,,,,
"141259",141259,MiniPAT,2016-04-22 18:55:59,Argos,3,40.37699890,-37.74499512,,,,,,,,,
"141259",141259,MiniPAT,2016-04-22 19:31:48,Argos,2,40.36800003,-37.74398804,,,,,,,,,
"141259",141259,MiniPAT,2016-04-22 20:31:27,Argos,3,40.36100006,-37.74600220,,,,,,,,,
"141259",141259,MiniPAT,2016-04-22 20:33:26,Argos,3,40.36199951,-37.74700928,,,,,,,,,
"141259",141259,MiniPAT,2016-04-22 21:13:14,Argos,3,40.35699844,-37.75399780,,,,,,,,,
"141259",141259,MiniPAT,2016-04-22 22:16:44,Argos,2,40.35300064,-37.75900269,,,,,,,,,
"141259",141259,MiniPAT,2016-04-22 22:17:44,Argos,3,40.34999847,-37.76400757,,,,,,,,,
"141259",141259,MiniPAT,2016-04-22 23:13:24,Argos,1,40.35400009,-37.76800537,,,,,,,,,
"141259",141259,MiniPAT,2016-04-22 23:56:04,Argos,3,40.34899902,-37.77200317,,,,,,,,,
"141259",141259,MiniPAT,2016-04-23 00:47:44,Argos,B,40.34700012,-37.77700806,,,,,,,,,
"141259",141259,MiniPAT,2016-04-23 04:54:56,Argos,3,40.32799911,-37.78900146,,,,,,,,,
"141259",141259,MiniPAT,2016-04-23 06:13:37,Argos,B,40.30300140,-37.80899048,,,,,,,,,
"141259",141259,MiniPAT,2016-04-23 06:31:37,Argos,3,40.31700134,-37.79800415,,,,,,,,,
"141259",141259,MiniPAT,2016-04-23 07:15:34,Argos,1,40.31499863,-37.80700684,,,,,,,,,
"141259",141259,MiniPAT,2016-04-23 07:50:23,Argos,2,40.31200027,-37.80801392,,,,,,,,,
"141259",141259,MiniPAT,2016-04-23 07:54:22,Argos,2,40.31000137,-37.80999756,,,,,,,,,
"141259",141259,MiniPAT,2016-04-23 09:24:15,Argos,3,40.30300140,-37.82598877,,,,,,,,,
"141259",141259,MiniPAT,2016-04-23 09:30:13,Argos,2,40.30500031,-37.82800293,,,,,,,,,
"141259",141259,MiniPAT,2016-04-23 10:28:56,Argos,2,40.29899979,-37.83401489,,,,,,,,,
"141259",141259,MiniPAT,2016-04-23 11:10:47,Argos,B,40.29399872,-37.84100342,,,,,,,,,
"141259",141259,MiniPAT,2016-04-23 11:27:42,Argos,B,40.29499817,-37.84100342,,,,,,,,,
"141259",141259,MiniPAT,2016-04-23 12:15:32,Argos,3,40.29000092,-37.85198975,,,,,,,,,
"141259",141259,MiniPAT,2016-04-23 13:14:21,Argos,2,40.28900146,-37.85101318,,,,,,,,,
"141259",141259,MiniPAT,2016-04-23 14:36:01,Argos,A,40.27199936,-37.86300659,,,,,,,,,
"141259",141259,MiniPAT,2016-04-23 16:19:45,Argos,2,40.27700043,-37.88400269,,,,,,,,,
"141259",141259,MiniPAT,2016-04-23 17:56:29,Argos,2,40.27399826,-37.89599609,,,,,,,,,
"141259",141259,MiniPAT,2016-04-23 18:32:35,Argos,2,40.27299881,-37.88800049,,,,,,,,,
"141259",141259,MiniPAT,2016-04-23 19:19:37,Argos,3,40.27199936,-37.90100098,,,,,,,,,
"141259",141259,MiniPAT,2016-04-23 20:02:30,Argos,1,40.27299881,-37.91198730,,,,,,,,,
"141259",141259,MiniPAT,2016-04-23 20:52:32,Argos,2,40.27700043,-37.92401123,,,,,,,,,
"141259",141259,MiniPAT,2016-04-23 21:47:44,Argos,3,40.27299881,-37.91400146,,,,,,,,,
"141259",141259,MiniPAT,2016-04-23 21:51:44,Argos,B,40.27299881,-37.91500854,,,,,,,,,
"141259",141259,MiniPAT,2016-04-23 21:56:46,Argos,1,40.27600098,-37.91000366,,,,,,,,,
"141259",141259,MiniPAT,2016-04-23 22:53:35,Argos,2,40.27099991,-37.90301514,,,,,,,,,
"141259",141259,MiniPAT,2016-04-23 23:44:46,Argos,2,40.26900101,-37.89599609,,,,,,,,,
"141259",141259,MiniPAT,2016-04-24 00:27:49,Argos,B,40.25799942,-37.89498901,,,,,,,,,
"141259",141259,MiniPAT,2016-04-24 01:22:43,Argos,B,40.24700165,-37.88598633,,,,,,,,,
"141259",141259,MiniPAT,2016-04-24 04:41:20,Argos,3,40.22100067,-37.85000610,,,,,,,,,
"141259",141259,MiniPAT,2016-04-24 06:13:04,Argos,2,40.20899963,-37.83599854,,,,,,,,,
"141259",141259,MiniPAT,2016-04-24 06:45:04,Argos,B,40.20500183,-37.83300781,,,,,,,,,
"141259",141259,MiniPAT,2016-04-24 07:22:09,Argos,3,40.20600128,-37.84100342,,,,,,,,,
"141259",141259,MiniPAT,2016-04-24 07:42:08,Argos,2,40.20800018,-37.84201050,,,,,,,,,
"141259",141259,MiniPAT,2016-04-24 07:55:13,Argos,B,40.21599960,-37.84600830,,,,,,,,,
"141259",141259,MiniPAT,2016-04-24 08:58:16,Argos,2,40.20100021,-37.84201050,,,,,,,,,
"141259",141259,MiniPAT,2016-04-24 09:23:09,Argos,2,40.20600128,-37.84399414,,,,,,,,,
"141259",141259,MiniPAT,2016-04-24 10:04:05,Argos,3,40.20500183,-37.84399414,,,,,,,,,
"141259",141259,MiniPAT,2016-04-24 10:54:53,Argos,0,40.22000122,-37.81698608,,,,,,,,,
"141259",141259,MiniPAT,2016-04-24 11:05:47,Argos,B,40.22000122,-37.81600952,,,,,,,,,
"141259",141259,MiniPAT,2016-04-24 11:57:30,Argos,2,40.20899963,-37.83999634,,,,,,,,,
"141259",141259,MiniPAT,2016-04-24 12:46:12,Argos,2,40.21500015,-37.84899902,,,,,,,,,
"141259",141259,MiniPAT,2016-04-24 16:07:13,Argos,3,40.23199844,-37.84100342,,,,,,,,,
"141259",141259,MiniPAT,2016-04-24 17:41:36,Argos,3,40.24100113,-37.85501099,,,,,,,,,
"141259",141259,MiniPAT,2016-04-24 18:09:57,Argos,2,40.24499893,-37.86801147,,,,,,,,,
"141259",141259,MiniPAT,2016-04-24 19:08:39,Argos,3,40.24499893,-37.87500000,,,,,,,,,
"141259",141259,MiniPAT,2016-04-24 19:31:50,Argos,1,40.25500107,-37.87100220,,,,,,,,,
"141259",141259,MiniPAT,2016-04-24 20:49:13,Argos,1,40.24800110,-37.87600708,,,,,,,,,
"141259",141259,MiniPAT,2016-04-24 21:06:34,Argos,1,40.25500107,-37.88000488,,,,,,,,,
"141259",141259,MiniPAT,2016-04-24 21:27:52,Argos,A,40.26300049,-37.88000488,,,,,,,,,
"141259",141259,MiniPAT,2016-04-24 21:40:08,Argos,A,40.25299835,-37.88198853,,,,,,,,,
"141259",141259,MiniPAT,2016-04-24 22:33:43,Argos,B,40.25299835,-37.88699341,,,,,,,,,
"141259",141259,MiniPAT,2016-04-24 22:50:25,Argos,0,40.26399994,-37.85699463,,,,,,,,,
"141259",141259,MiniPAT,2016-04-24 23:15:09,Argos,2,40.24800110,-37.87100220,,,,,,,,,
"141259",141259,MiniPAT,2016-04-25 00:09:12,Argos,A,40.22700119,-37.84201050,,,,,,,,,
"141259",141259,MiniPAT,2016-04-25 00:59:41,Argos,1,40.22000122,-37.88400269,,,,,,,,,
"141259",141259,MiniPAT,2016-04-25 04:27:29,Argos,A,40.14500046,-37.87298584,,,,,,,,,
"141259",141259,MiniPAT,2016-04-25 06:06:34,Argos,2,40.12799835,-37.89199829,,,,,,,,,
"141259",141259,MiniPAT,2016-04-25 06:49:13,Argos,2,40.12200165,-37.89300537,,,,,,,,,
"141259",141259,MiniPAT,2016-04-25 07:25:50,Argos,1,40.10400009,-37.90798950,,,,,,,,,
"141259",141259,MiniPAT,2016-04-25 07:45:49,Argos,B,40.09899902,-37.91500854,,,,,,,,,
"141259",141259,MiniPAT,2016-04-25 07:56:15,Argos,3,40.10900116,-37.91598511,,,,,,,,,
"141259",141259,MiniPAT,2016-04-25 08:22:42,Argos,2,40.11000061,-37.91799927,,,,,,,,,
"141259",141259,MiniPAT,2016-04-25 09:02:48,Argos,1,40.10499954,-37.94000244,,,,,,,,,
"141259",141259,MiniPAT,2016-04-25 09:40:41,Argos,3,40.10499954,-37.94299316,,,,,,,,,
"141259",141259,MiniPAT,2016-04-25 10:42:42,Argos,2,40.10400009,-37.95098877,,,,,,,,,
"141259",141259,MiniPAT,2016-04-25 11:39:31,Argos,2,40.09999847,-37.95401001,,,,,,,,,
"141259",141259,MiniPAT,2016-04-25 12:33:54,Argos,0,40.09600067,-37.94000244,,,,,,,,,
"141259",141259,MiniPAT,2016-04-25 14:11:18,Argos,B,40.09799957,-37.96200562,,,,,,,,,
"141259",141259,MiniPAT,2016-04-25 15:56:35,Argos,2,40.09099960,-37.94601440,,,,,,,,,
"141259",141259,MiniPAT,2016-04-25 17:31:29,Argos,3,40.07400131,-37.93200684,,,,,,,,,
"141259",141259,MiniPAT,2016-04-25 18:54:21,Argos,3,40.05699921,-37.93701172,,,,,,,,,
"141259",141259,MiniPAT,2016-04-25 20:30:58,Argos,1,40.03799820,-37.94601440,,,,,,,,,
"141259",141259,MiniPAT,2016-04-25 20:42:59,Argos,B,40.04199982,-37.94299316,,,,,,,,,
"141259",141259,MiniPAT,2016-04-25 21:00:02,Argos,B,40.03900146,-37.94299316,,,,,,,,,
"141259",141259,MiniPAT,2016-04-25 22:19:30,Argos,B,40.03300095,-37.94601440,,,,,,,,,
"141259",141259,MiniPAT,2016-04-25 22:54:47,Argos,A,40.00600052,-37.96200562,,,,,,,,,
"141259",141259,MiniPAT,2016-04-26 00:40:52,Argos,B,39.97800064,-37.97698975,,,,,,,,,
"141259",141259,MiniPAT,2016-04-26 05:59:52,Argos,B,39.92100143,-38.01599121,,,,,,,,,
"141259",141259,MiniPAT,2016-04-26 07:34:32,Argos,B,39.97999954,-37.98901367,,,,,,,,,
"141259",141259,MiniPAT,2016-04-26 07:56:13,Argos,B,39.99000168,-38.00601196,,,,,,,,,
"141259",141259,MiniPAT,2016-04-26 08:58:32,Argos,B,39.98199844,-38.01501465,,,,,,,,,
"141259",141259,MiniPAT,2016-04-26 09:15:45,Argos,B,39.98500061,-38.00698853,,,,,,,,,
"141259",141259,MiniPAT,2016-04-26 11:15:13,Argos,B,39.97100067,-38.01501465,,,,,,,,,
"141259",141259,MiniPAT,2016-04-26 12:53:38,Argos,3,39.96099854,-38.02099609,,,,,,,,,
"141259",141259,MiniPAT,2016-04-26 15:43:11,Argos,A,39.95000076,-38.04800415,,,,,,,,,
"141259",141259,MiniPAT,2016-04-26 17:22:48,Argos,B,39.94300079,-38.05899048,,,,,,,,,
"141259",141259,MiniPAT,2016-04-26 18:39:52,Argos,B,39.93799973,-38.06201172,,,,,,,,,
"141259",141259,MiniPAT,2016-04-26 18:54:48,Argos,B,39.93399811,-38.04501343,,,,,,,,,
"141259",141259,MiniPAT,2016-04-26 20:20:08,Argos,A,39.91899872,-38.07000732,,,,,,,,,
"141259",141259,MiniPAT,2016-04-26 20:33:28,Argos,B,39.91799927,-38.07299805,,,,,,,,,
