; Created by WC-DAP 3.0.400

Index,DeployID,Ptt,DepthSensor,Source,Instr,Day,Time,Time Offset,Count,InitLocQ,InitTime,InitLat,InitLon,Deepest,SSTTime,SSTDepth,SSTTemp,Type,Delta,MinDepth,MaxDepth,AttenShallow,AttenDeep,TravelMetric,FoundPrevious,K,LL0,Depth0,LL1,Depth1,LL2,Depth2,LL3,Depth3,LL4,Depth4,LL5,Depth5,LL6,Depth6,LL7,Depth7,LL8,Depth8,LL9,Depth9,LL10,Depth10,LL11,Depth11
,"141259",141259,,Transmission,MiniPAT,13-Oct-2015,14:00:00,,,,,,,,,,,Begin,,,,,,,,,,,,,,,,,,,,,,,,,,,,,,,
,"141259",141259,,Transmission,MiniPAT,10-Apr-2016,20:00:00,,,Argos-3,2016-04-11 18:30:59,40.1650,-36.2374,,,,,End,,,,,,,,,,,,,,,,,,,,,,,,,,,,,,,
0,"141259",141259,,Transmission,MiniPAT,14-Oct-2015,09:55:00,,4,,,,,,10:00:00 14-Oct-2015,0,15.1,Dawn,450,16,48,,,0,,7105,70,,80,,86,,104,,119,,127,,141,,139,,145,,,,,,
1,"141259",141259,,Transmission,MiniPAT,14-Oct-2015,22:02:30,,4,,,,,,10:00:00 14-Oct-2015,0,15.1,Dusk,450,16,16,,,0,,20094,148,,138,,121,,107,,95,,78,,60,,52,,48,,,,,,
2,"141259",141259,,Transmission,MiniPAT,15-Oct-2015,09:56:15,,3,,,,,86,10:00:00 15-Oct-2015,0,14.6,Dawn,450,16,16,,,0,,12254,69,,84,,101,,108,,131,,142,,157,,159,,163,,,,,,
3,"141259",141259,,Transmission,MiniPAT,15-Oct-2015,21:52:30,,3,,,,,,10:00:00 15-Oct-2015,0,14.6,Dusk,450,16,16,,,0,,41788,156,,145,,134,,121,,109,,92,,78,,62,,53,,,,,,
4,"141259",141259,,Transmission,MiniPAT,16-Oct-2015,09:45:00,,4,,,,,,05:00:00 16-Oct-2015,0,14.7,Dawn,450,16,16,,,0,,57755,61,,72,,84,,96,,110,,125,,139,,149,,160,,,,,,
5,"141259",141259,,Transmission,MiniPAT,16-Oct-2015,21:50:00,,4,,,,,,05:00:00 16-Oct-2015,0,14.7,Dusk,450,16,48,,,0,,27614,157,,151,,121,,126,,115,,89,,67,,55,,49,,,,,,
6,"141259",141259,,Transmission,MiniPAT,17-Oct-2015,09:57:30,,5,,,,,34,07:00:00 17-Oct-2015,0,14.2,Dawn,450,16,16,,,0,,45659,74,,88,,97,,114,,124,,134,,148,,153,,157,,,,,,
7,"141259",141259,,Transmission,MiniPAT,17-Oct-2015,21:48:45,,5,,,,,75,07:00:00 17-Oct-2015,0,14.2,Dusk,450,16,16,,,0,,55253,145,,140,,128,,115,,94,,81,,71,,48,,45,,,,,,
8,"141259",141259,,Transmission,MiniPAT,18-Oct-2015,09:52:30,,4,,,,,75,03:00:00 18-Oct-2015,0,14.6,Dawn,450,16,16,,,0,,16962,59,,74,,87,,100,,117,,135,,144,,141,,152,,,,,,
9,"141259",141259,,Transmission,MiniPAT,18-Oct-2015,21:53:45,,4,,,,,,03:00:00 18-Oct-2015,0,14.6,Dusk,450,16,16,,,0,,55237,147,,133,,117,,102,,87,,76,,65,,56,,52,,,,,,
10,"141259",141259,,Transmission,MiniPAT,19-Oct-2015,09:46:15,,5,,,,,,09:00:00 19-Oct-2015,0,13.6,Dawn,450,16,16,,,0,,21872,62,,74,,87,,102,,117,,132,,143,,149,,155,,,,,,
11,"141259",141259,,Transmission,MiniPAT,19-Oct-2015,21:37:30,,5,,,,,,09:00:00 19-Oct-2015,0,13.6,Dusk,450,16,16,,,0,,46096,158,,151,,141,,127,,112,,100,,86,,74,,49,,,,,,
12,"141259",141259,,Transmission,MiniPAT,20-Oct-2015,09:41:15,,4,,,,,192,11:00:00 20-Oct-2015,0,14.4,Dawn,300,16,16,,,0,,23932,62,,73,,81,,88,,92,,101,,111,,119,,132,,,,,,
13,"141259",141259,,Transmission,MiniPAT,20-Oct-2015,21:35:00,,4,,,,,264,11:00:00 20-Oct-2015,0,14.4,Dusk,450,16,112,,,0,,56950,143,,124,,102,,88,,78,,70,,70,,63,,53,,,,,,
14,"141259",141259,,Transmission,MiniPAT,21-Oct-2015,21:22:30,,4,,,,,,01:00:00 21-Oct-2015,0,22.1,Dusk,300,16,112,,,0,,19747,167,,161,,149,,134,,122,,118,,114,,110,,111,,,,,,
15,"141259",141259,,Transmission,MiniPAT,22-Oct-2015,10:00:00,,3,,,,,312,09:00:00 22-Oct-2015,0,22.1,Dawn,450,16,144,,,0,,1665,87,,107,,125,,129,,139,,150,,171,,175,,161,,,,,,
16,"141259",141259,,Transmission,MiniPAT,22-Oct-2015,10:16:15,,4,,,,,312,01:00:00 21-Oct-2015,0,22.1,Dawn,450,16,144,,,0,,41133,126,,131,,139,,139,,140,,145,,155,,154,,155,,,,,,
17,"141259",141259,,Transmission,MiniPAT,22-Oct-2015,21:25:00,,3,,,,,,09:00:00 22-Oct-2015,0,22.1,Dusk,450,16,48,,,0,,16336,167,,161,,148,,134,,111,,92,,84,,80,,73,,,,,,
18,"141259",141259,,Transmission,MiniPAT,23-Oct-2015,10:02:30,,2,,,,,,10:00:00 23-Oct-2015,0,21.6,Dawn,450,16,144,,,0,,26876,82,,93,,102,,117,,133,,144,,140,,150,,175,,,,,,
19,"141259",141259,,Transmission,MiniPAT,23-Oct-2015,21:15:00,,2,,,,,,10:00:00 23-Oct-2015,0,21.6,Dusk,450,48,208,,,0,,21514,192,,160,,139,,128,,119,,103,,90,,79,,71,,,,,,
20,"141259",141259,,Transmission,MiniPAT,24-Oct-2015,10:08:45,,1,,,,,288,04:00:00 24-Oct-2015,0,22.4,Dawn,600,16,144,,,0,,61880,86,,101,,116,,135,,151,,148,,170,,157,,165,,,,,,
21,"141259",141259,,Transmission,MiniPAT,24-Oct-2015,20:52:30,,1,,,,,336,04:00:00 24-Oct-2015,0,22.4,Dusk,600,16,16,,,0,,58996,169,,162,,159,,147,,138,,123,,107,,87,,68,,,,,,
22,"141259",141259,,Transmission,MiniPAT,26-Oct-2015,10:18:45,,1,,,,,,09:00:00 26-Oct-2015,0,22.5,Dawn,450,16,240,,,0,,24650,101,,120,,125,,122,,146,,173,,192,,195,,188,,,,,,
23,"141259",141259,,Transmission,MiniPAT,26-Oct-2015,20:48:45,,1,,,,,,09:00:00 26-Oct-2015,0,22.5,Dusk,450,48,144,,,0,,56378,168,,142,,139,,134,,128,,122,,114,,101,,84,,,,,,
24,"141259",141259,,Transmission,MiniPAT,27-Oct-2015,10:25:00,,2,,,,,264,06:00:00 27-Oct-2015,0,21.9,Dawn,300,16,176,,,0,,31857,111,,137,,149,,143,,134,,137,,142,,155,,169,,,,,,
25,"141259",141259,,Transmission,MiniPAT,27-Oct-2015,20:58:45,,2,,,,,,06:00:00 27-Oct-2015,0,21.9,Dusk,300,16,144,,,0,,61293,156,,142,,136,,150,,155,,151,,141,,118,,93,,,,,,
26,"141259",141259,,Transmission,MiniPAT,28-Oct-2015,10:00:00,,2,,,,,344,09:00:00 28-Oct-2015,0,21.8,Dawn,450,16,176,,,0,,38515,88,,106,,118,,121,,130,,154,,171,,175,,174,,,,,,
27,"141259",141259,,Transmission,MiniPAT,28-Oct-2015,20:57:30,,2,,,,,,09:00:00 28-Oct-2015,0,21.8,Dusk,450,16,16,,,0,,3325,170,,163,,156,,148,,133,,118,,98,,88,,73,,,,,,
28,"141259",141259,,Transmission,MiniPAT,29-Oct-2015,09:57:30,,1,,,,,296,07:00:00 29-Oct-2015,0,16.4,Dawn,450,16,272,,,0,,3830,92,,103,,96,,107,,123,,151,,173,,190,,199,,,,,,
29,"141259",141259,,Transmission,MiniPAT,29-Oct-2015,20:53:45,,1,,,,,,07:00:00 29-Oct-2015,0,16.4,Dusk,450,16,80,,,0,,51071,162,,137,,121,,113,,110,,113,,99,,86,,74,,,,,,
30,"141259",141259,,Transmission,MiniPAT,30-Oct-2015,21:12:30,,1,,,,,,04:00:00 31-Oct-2015,0,21.3,Dusk,300,16,48,,,0,,64413,153,,143,,132,,123,,114,,107,,95,,83,,60,,,,,,
31,"141259",141259,,Transmission,MiniPAT,31-Oct-2015,09:48:45,,1,,,,,336,04:00:00 31-Oct-2015,0,21.3,Dawn,300,16,16,,,0,,45437,80,,87,,97,,106,,117,,126,,137,,148,,154,,,,,,
32,"141259",141259,,Transmission,MiniPAT,31-Oct-2015,21:02:30,,1,,,,,,05:00:00 01-Nov-2015,0,21.1,Dusk,300,16,48,,,0,,3422,155,,151,,146,,130,,103,,87,,84,,89,,85,,,,,,
33,"141259",141259,,Transmission,MiniPAT,01-Nov-2015,10:07:30,,3,,,,,296,05:00:00 01-Nov-2015,0,21.1,Dawn,300,16,272,,,0,,2850,90,,101,,105,,109,,115,,123,,130,,134,,133,,,,,,
34,"141259",141259,,Transmission,MiniPAT,01-Nov-2015,10:12:30,,1,,,,,296,05:00:00 01-Nov-2015,0,21.1,Dawn,300,16,272,,,0,,13334,101,,105,,109,,115,,123,,130,,134,,133,,130,,,,,,
35,"141259",141259,,Transmission,MiniPAT,01-Nov-2015,20:27:30,,3,,,,,,05:00:00 01-Nov-2015,0,21.1,Dusk,450,16,176,,,0,,12199,151,,129,,124,,120,,115,,105,,91,,80,,88,,,,,,
36,"141259",141259,,Transmission,MiniPAT,02-Nov-2015,09:58:45,,1,,,,,328,06:00:00 02-Nov-2015,0,23.6,Dawn,450,80,304,,,0,,12151,72,,82,,92,,103,,118,,124,,131,,135,,142,,,,,,
37,"141259",141259,,Transmission,MiniPAT,02-Nov-2015,21:01:15,,1,,,,,,06:00:00 02-Nov-2015,0,23.6,Dusk,300,16,16,,,0,,57680,142,,135,,124,,111,,107,,96,,84,,74,,56,,,,,,
38,"141259",141259,,Transmission,MiniPAT,03-Nov-2015,09:53:45,,6,,,,,320,10:00:00 03-Nov-2015,0,20.0,Dawn,600,16,272,,,0,,58599,97,,107,,115,,108,,119,,134,,134,,132,,169,,,,,,
39,"141259",141259,,Transmission,MiniPAT,03-Nov-2015,20:41:15,,6,,,,,,10:00:00 03-Nov-2015,0,20.0,Dusk,450,16,48,,,0,,51440,152,,130,,116,,132,,120,,106,,88,,66,,48,,,,,,
40,"141259",141259,,Transmission,MiniPAT,04-Nov-2015,09:52:30,,5,,,,,249,06:00:00 04-Nov-2015,0,19.2,Dawn,300,48,176,,,0,,54860,68,,80,,90,,94,,100,,105,,110,,117,,123,,,,,,
41,"141259",141259,,Transmission,MiniPAT,04-Nov-2015,21:01:15,,5,,,,,,06:00:00 04-Nov-2015,0,19.2,Dusk,300,16,48,,,0,,64385,141,,131,,123,,113,,101,,85,,58,,47,,44,,,,,,
42,"141259",141259,,Transmission,MiniPAT,05-Nov-2015,20:26:15,,5,,,,,,04:00:00 06-Nov-2015,0,22.0,Dusk,600,16,80,,,0,,44893,126,,118,,111,,98,,87,,101,,81,,66,,57,,,,,,
43,"141259",141259,,Transmission,MiniPAT,06-Nov-2015,09:38:45,,5,,,,,,04:00:00 06-Nov-2015,0,22.0,Dawn,450,16,368,,,0,,35077,48,,78,,73,,83,,96,,108,,116,,121,,124,,,,,,
44,"141259",141259,,Transmission,MiniPAT,06-Nov-2015,09:48:45,,5,,,,,,04:00:00 06-Nov-2015,0,22.0,Dawn,450,16,400,,,0,,45094,80,,74,,88,,100,,112,,117,,122,,124,,126,,,,,,
45,"141259",141259,,Transmission,MiniPAT,06-Nov-2015,20:57:30,,5,,,,,,04:00:00 06-Nov-2015,0,22.0,Dusk,300,16,112,,,0,,21537,123,,115,,105,,92,,85,,69,,43,,47,,43,,,,,,
46,"141259",141259,,Transmission,MiniPAT,07-Nov-2015,09:20:00,,3,,,,,320,11:00:00 07-Nov-2015,0,20.5,Dawn,600,16,112,,,0,,21138,58,,70,,76,,60,,78,,95,,101,,142,,154,,,,,,
47,"141259",141259,,Transmission,MiniPAT,07-Nov-2015,20:28:45,,3,,,,,424,11:00:00 07-Nov-2015,0,20.5,Dusk,450,16,144,,,0,,34061,116,,97,,93,,93,,99,,97,,83,,69,,45,,,,,,
48,"141259",141259,,Transmission,MiniPAT,08-Nov-2015,20:27:30,,3,,,,,250,00:00:00 08-Nov-2015,0,21.4,Dusk,450,16,80,,,0,,16013,132,,105,,96,,85,,73,,74,,80,,59,,33,,,,,,
49,"141259",141259,,Transmission,MiniPAT,09-Nov-2015,09:15:00,,3,,,,,250,00:00:00 08-Nov-2015,0,21.4,Dawn,300,16,16,,,0,,38499,54,,64,,68,,74,,84,,98,,109,,121,,131,,,,,,
50,"141259",141259,,Transmission,MiniPAT,09-Nov-2015,09:20:00,,5,,,,,250,08:00:00 09-Nov-2015,0,21.4,Dawn,450,16,16,,,0,,64095,63,,71,,83,,102,,121,,134,,142,,153,,151,,,,,,
51,"141259",141259,,Transmission,MiniPAT,09-Nov-2015,20:33:45,,5,,,,,,08:00:00 09-Nov-2015,0,21.4,Dusk,300,16,16,,,0,,54812,141,,129,,118,,108,,97,,87,,73,,65,,51,,,,,,
52,"141259",141259,,Transmission,MiniPAT,10-Nov-2015,19:38:45,,4,,,,,,01:00:00 10-Nov-2015,0,22.2,Dusk,750,48,240,,,0,,55669,144,,133,,129,,124,,105,,83,,70,,50,,38,,,,,,
53,"141259",141259,,Transmission,MiniPAT,11-Nov-2015,09:16:15,,4,,,,,328,01:00:00 10-Nov-2015,0,22.2,Dawn,600,16,272,,,0,,55639,63,,83,,99,,128,,136,,121,,131,,142,,155,,,,,,
54,"141259",141259,,Transmission,MiniPAT,11-Nov-2015,09:17:30,,5,,,,,328,09:00:00 11-Nov-2015,0,22.2,Dawn,300,16,16,,,0,,46959,67,,77,,85,,92,,100,,117,,129,,134,,134,,,,,,
55,"141259",141259,,Transmission,MiniPAT,11-Nov-2015,19:51:15,,5,,,,,664,09:00:00 11-Nov-2015,0,22.2,Dusk,600,16,112,,,0,,1239,119,,112,,103,,94,,102,,94,,77,,53,,40,,,,,,
56,"141259",141259,,Transmission,MiniPAT,12-Nov-2015,09:16:15,,2,,,,,664,05:00:00 12-Nov-2015,0,22.4,Dawn,450,16,240,,,0,,29280,68,,81,,94,,109,,122,,141,,157,,169,,179,,,,,,
57,"141259",141259,,Transmission,MiniPAT,12-Nov-2015,20:06:15,,2,,,,,,05:00:00 12-Nov-2015,0,22.4,Dusk,450,16,208,,,0,,47694,171,,157,,142,,129,,116,,103,,90,,78,,63,,,,,,
58,"141259",141259,,Transmission,MiniPAT,13-Nov-2015,09:26:15,,1,,,,,320,09:00:00 13-Nov-2015,0,22.5,Dawn,600,16,240,,,0,,12879,74,,89,,111,,133,,142,,151,,167,,181,,186,,,,,,
59,"141259",141259,,Transmission,MiniPAT,13-Nov-2015,19:32:30,,1,,,,,296,09:00:00 13-Nov-2015,0,22.5,Dusk,750,16,112,,,0,,53029,166,,158,,157,,145,,130,,113,,89,,67,,56,,,,,,
60,"141259",141259,,Transmission,MiniPAT,14-Nov-2015,20:03:45,,4,,,,,264,04:00:00 15-Nov-2015,0,21.0,Dusk,300,48,144,,,0,,38739,138,,134,,133,,128,,122,,114,,104,,98,,93,,,,,,
61,"141259",141259,,Transmission,MiniPAT,15-Nov-2015,09:21:15,,7,,,,,264,04:00:00 15-Nov-2015,0,21.0,Dawn,600,48,240,,,0,,24342,60,,69,,90,,100,,118,,135,,152,,169,,173,,,,,,
62,"141259",141259,,Transmission,MiniPAT,15-Nov-2015,09:56:15,,4,,,,,264,04:00:00 15-Nov-2015,0,21.0,Dawn,300,80,240,,,0,,18206,111,,118,,126,,135,,144,,153,,162,,169,,172,,,,,,
63,"141259",141259,,Transmission,MiniPAT,15-Nov-2015,19:53:45,,7,,,,,264,04:00:00 15-Nov-2015,0,21.0,Dusk,600,16,80,,,0,,39142,153,,143,,134,,119,,114,,96,,81,,69,,50,,,,,,
64,"141259",141259,,Transmission,MiniPAT,16-Nov-2015,09:17:30,,2,,,,,264,09:00:00 16-Nov-2015,0,21.9,Dawn,600,16,16,,,0,,45175,65,,83,,97,,115,,133,,151,,154,,162,,173,,,,,,
65,"141259",141259,,Transmission,MiniPAT,16-Nov-2015,19:35:00,,2,,,,,,09:00:00 16-Nov-2015,0,21.9,Dusk,750,16,112,,,0,,43582,172,,166,,160,,145,,129,,105,,86,,72,,57,,,,,,
66,"141259",141259,,Transmission,MiniPAT,17-Nov-2015,09:26:15,,2,,,,,,04:00:00 17-Nov-2015,0,22.0,Dawn,600,16,240,,,0,,30051,74,,90,,110,,132,,144,,159,,167,,186,,195,,,,,,
67,"141259",141259,,Transmission,MiniPAT,17-Nov-2015,19:16:15,,2,,,,,,04:00:00 17-Nov-2015,0,22.0,Dusk,750,16,80,,,0,,17782,177,,169,,165,,160,,151,,135,,114,,92,,74,,,,,,
68,"141259",141259,,Transmission,MiniPAT,19-Nov-2015,09:31:15,,1,,,,,320,10:00:00 19-Nov-2015,0,21.3,Dawn,450,16,16,,,0,,28457,82,,95,,112,,127,,140,,150,,158,,161,,165,,,,,,
69,"141259",141259,,Transmission,MiniPAT,19-Nov-2015,20:01:15,,1,,,,,228,10:00:00 19-Nov-2015,0,21.3,Dusk,450,16,16,,,0,,55559,157,,151,,145,,132,,116,,101,,87,,77,,62,,,,,,
70,"141259",141259,,Transmission,MiniPAT,20-Nov-2015,10:03:45,,1,,,,,228,11:00:00 20-Nov-2015,0,21.4,Dawn,300,16,112,,,0,,21223,117,,120,,125,,128,,134,,150,,157,,146,,138,,,,,,
71,"141259",141259,,Transmission,MiniPAT,20-Nov-2015,19:55:00,,1,,,,,250,11:00:00 20-Nov-2015,0,21.4,Dusk,300,16,80,,,0,,37512,162,,160,,150,,130,,125,,113,,102,,103,,102,,,,,,
72,"141259",141259,,Transmission,MiniPAT,22-Nov-2015,09:51:15,,3,,,,,264,09:00:00 22-Nov-2015,0,20.7,Dawn,450,16,80,,,0,,1093,100,,113,,106,,110,,126,,151,,164,,170,,172,,,,,,
73,"141259",141259,,Transmission,MiniPAT,22-Nov-2015,19:26:15,,3,,,,,216,09:00:00 22-Nov-2015,0,20.7,Dusk,600,16,80,,,0,,32481,158,,145,,142,,135,,129,,131,,119,,98,,71,,,,,,
74,"141259",141259,,Transmission,MiniPAT,23-Nov-2015,19:52:30,,2,,,,,,02:00:00 23-Nov-2015,0,20.3,Dusk,300,16,80,,,0,,57844,142,,136,,132,,129,,137,,139,,122,,106,,95,,,,,,
75,"141259",141259,,Transmission,MiniPAT,24-Nov-2015,09:47:30,,4,,,,,,10:00:00 24-Nov-2015,0,20.3,Dawn,300,16,16,,,0,,27469,94,,103,,111,,120,,131,,141,,147,,154,,162,,,,,,
76,"141259",141259,,Transmission,MiniPAT,24-Nov-2015,09:55:00,,2,,,,,,02:00:00 23-Nov-2015,0,20.3,Dawn,300,16,16,,,0,,60970,107,,115,,126,,137,,145,,150,,159,,164,,166,,,,,,
77,"141259",141259,,Transmission,MiniPAT,24-Nov-2015,19:07:30,,4,,,,,,10:00:00 24-Nov-2015,0,20.3,Dusk,750,16,112,,,0,,45522,143,,135,,127,,131,,123,,122,,102,,107,,87,,,,,,
78,"141259",141259,,Transmission,MiniPAT,25-Nov-2015,10:12:30,,4,,,,,256,06:00:00 25-Nov-2015,0,20.0,Dawn,300,80,112,,,0,,2643,101,,111,,117,,124,,128,,135,,140,,144,,153,,,,,,
79,"141259",141259,,Transmission,MiniPAT,25-Nov-2015,20:07:30,,4,,,,,,06:00:00 25-Nov-2015,0,20.0,Dusk,300,16,240,,,0,,40426,178,,171,,139,,118,,109,,100,,92,,99,,103,,,,,,
80,"141259",141259,,Transmission,MiniPAT,26-Nov-2015,10:01:15,,5,,,,,,10:00:00 26-Nov-2015,0,18.7,Dawn,450,16,16,,,0,,18053,101,,111,,126,,140,,147,,150,,153,,162,,168,,,,,,
81,"141259",141259,,Transmission,MiniPAT,26-Nov-2015,19:43:45,,5,,,,,,10:00:00 26-Nov-2015,0,18.7,Dusk,450,16,176,,,0,,17965,166,,153,,139,,145,,140,,131,,141,,96,,96,,,,,,
82,"141259",141259,,Transmission,MiniPAT,27-Nov-2015,10:02:30,,2,,,,,328,10:00:00 27-Nov-2015,0,18.5,Dawn,300,16,16,,,0,,24822,105,,108,,111,,128,,143,,149,,147,,149,,159,,,,,,
83,"141259",141259,,Transmission,MiniPAT,27-Nov-2015,20:22:30,,2,,,,,,10:00:00 27-Nov-2015,0,18.5,Dusk,300,16,144,,,0,,61839,148,,125,,116,,119,,114,,104,,94,,86,,75,,,,,,
84,"141259",141259,,Transmission,MiniPAT,28-Nov-2015,10:03:45,,5,,,,,,03:00:00 28-Nov-2015,0,19.8,Dawn,300,16,48,,,0,,28258,89,,98,,104,,111,,121,,136,,149,,154,,148,,,,,,
85,"141259",141259,,Transmission,MiniPAT,28-Nov-2015,19:51:15,,5,,,,,,03:00:00 28-Nov-2015,0,19.8,Dusk,450,16,176,,,0,,26363,157,,136,,125,,117,,108,,97,,93,,91,,78,,,,,,
86,"141259",141259,,Transmission,MiniPAT,29-Nov-2015,20:10:00,,6,,,,,,03:00:00 30-Nov-2015,0,21.9,Dusk,300,16,144,,,0,,46139,161,,152,,142,,132,,118,,104,,97,,93,,86,,,,,,
87,"141259",141259,,Transmission,MiniPAT,30-Nov-2015,09:53:45,,6,,,,,320,03:00:00 30-Nov-2015,0,21.9,Dawn,450,48,112,,,0,,35350,95,,107,,124,,136,,151,,160,,164,,171,,175,,,,,,
88,"141259",141259,,Transmission,MiniPAT,30-Nov-2015,09:58:45,,3,,,,,320,03:00:00 30-Nov-2015,0,21.9,Dawn,300,48,112,,,0,,17025,103,,112,,124,,132,,141,,151,,159,,160,,164,,,,,,
89,"141259",141259,,Transmission,MiniPAT,30-Nov-2015,20:01:15,,3,,,,,,03:00:00 30-Nov-2015,0,21.9,Dusk,300,16,112,,,0,,6509,159,,154,,144,,134,,128,,116,,101,,92,,85,,,,,,
90,"141259",141259,,Transmission,MiniPAT,01-Dec-2015,14:12:30,,2,,,,,450,10:00:00 01-Dec-2015,0,21.8,Dawn,300,208,336,,,0,,36629,224,,238,,248,,253,,255,,255,,251,,237,,213,,,,,,
91,"141259",141259,,Transmission,MiniPAT,01-Dec-2015,14:30:00,,2,,,,,450,10:00:00 01-Dec-2015,0,21.8,Dusk,300,112,336,,,0,,64342,255,,255,,254,,245,,226,,201,,189,,187,,189,,,,,,
92,"141259",141259,,Transmission,MiniPAT,02-Dec-2015,09:23:45,,4,,,,,450,06:00:00 02-Dec-2015,0,21.6,Dawn,450,80,112,,,0,,23768,74,,80,,87,,100,,116,,129,,140,,149,,152,,,,,,
93,"141259",141259,,Transmission,MiniPAT,02-Dec-2015,19:38:45,,4,,,,,,06:00:00 02-Dec-2015,0,21.6,Dusk,600,16,144,,,0,,40129,158,,150,,141,,120,,98,,83,,87,,87,,47,,,,,,
94,"141259",141259,,Transmission,MiniPAT,03-Dec-2015,09:40:00,,1,,,,,172,07:00:00 03-Dec-2015,0,20.6,Dawn,600,16,16,,,0,,54220,77,,100,,119,,136,,143,,153,,162,,164,,168,,,,,,
95,"141259",141259,,Transmission,MiniPAT,03-Dec-2015,19:43:45,,1,,,,,,07:00:00 03-Dec-2015,0,20.6,Dusk,450,16,80,,,0,,16128,154,,143,,128,,112,,101,,92,,80,,67,,58,,,,,,
96,"141259",141259,,Transmission,MiniPAT,04-Dec-2015,13:03:45,,5,,,,,,09:00:00 04-Dec-2015,0,20.8,Dusk,300,48,368,,,0,,49883,255,,255,,255,,251,,225,,185,,157,,149,,148,,,,,,
97,"141259",141259,,Transmission,MiniPAT,04-Dec-2015,16:07:30,,5,,,,,,09:00:00 04-Dec-2015,0,20.8,Dawn,300,176,368,,,0,,42049,212,,234,,251,,255,,255,,255,,254,,233,,192,,,,,,
98,"141259",141259,,Transmission,MiniPAT,05-Dec-2015,09:26:15,,8,,,,,432,09:00:00 05-Dec-2015,0,20.4,Dawn,450,16,176,,,0,,20482,68,,78,,83,,103,,119,,128,,130,,158,,166,,,,,,
99,"141259",141259,,Transmission,MiniPAT,05-Dec-2015,19:23:45,,8,,,,,,09:00:00 05-Dec-2015,0,20.4,Dusk,750,16,80,,,0,,52404,169,,147,,140,,127,,99,,100,,80,,65,,56,,,,,,
100,"141259",141259,,Transmission,MiniPAT,07-Dec-2015,09:25:00,,1,,,,,384,09:00:00 07-Dec-2015,0,20.4,Dawn,600,16,144,,,0,,59167,47,,88,,91,,94,,112,,126,,133,,139,,145,,,,,,
101,"141259",141259,,Transmission,MiniPAT,07-Dec-2015,19:36:15,,1,,,,,,09:00:00 07-Dec-2015,0,20.4,Dusk,600,16,240,,,0,,15249,154,,132,,124,,112,,94,,101,,97,,92,,43,,,,,,
102,"141259",141259,,Transmission,MiniPAT,08-Dec-2015,09:27:30,,2,,,,,360,07:00:00 08-Dec-2015,0,20.4,Dawn,600,16,144,,,0,,8724,66,,82,,98,,97,,109,,115,,126,,132,,135,,,,,,
103,"141259",141259,,Transmission,MiniPAT,08-Dec-2015,19:35:00,,2,,,,,,07:00:00 08-Dec-2015,0,20.4,Dusk,600,16,112,,,0,,36945,134,,126,,114,,104,,91,,93,,89,,73,,50,,,,,,
104,"141259",141259,,Transmission,MiniPAT,09-Dec-2015,09:20:00,,4,,,,,264,07:00:00 09-Dec-2015,0,19.6,Dawn,450,16,112,,,0,,20242,62,,73,,86,,102,,111,,126,,144,,128,,119,,,,,,
105,"141259",141259,,Transmission,MiniPAT,09-Dec-2015,18:53:45,,4,,,,,,07:00:00 09-Dec-2015,0,19.6,Dusk,900,16,240,,,0,,1713,133,,121,,115,,119,,109,,122,,98,,73,,47,,,,,,
106,"141259",141259,,Transmission,MiniPAT,10-Dec-2015,09:12:30,,9,,,,,160,04:00:00 10-Dec-2015,0,20.5,Dawn,600,16,16,,,0,,946,56,,74,,87,,106,,130,,146,,156,,164,,171,,,,,,
107,"141259",141259,,Transmission,MiniPAT,10-Dec-2015,19:53:45,,9,,,,,,04:00:00 10-Dec-2015,0,20.5,Dusk,450,16,16,,,0,,35929,149,,132,,130,,113,,99,,88,,76,,64,,41,,,,,,
108,"141259",141259,,Transmission,MiniPAT,11-Dec-2015,19:35:00,,5,,,,,,02:00:00 12-Dec-2015,0,20.8,Dusk,300,80,176,,,0,,58649,154,,143,,134,,131,,127,,120,,111,,102,,92,,,,,,
109,"141259",141259,,Transmission,MiniPAT,12-Dec-2015,09:31:15,,2,,,,,,02:00:00 12-Dec-2015,0,20.8,Dawn,450,16,336,,,0,,15260,75,,92,,109,,128,,130,,135,,140,,144,,149,,,,,,
110,"141259",141259,,Transmission,MiniPAT,12-Dec-2015,09:47:30,,5,,,,,,02:00:00 12-Dec-2015,0,20.8,Dawn,300,16,336,,,0,,10666,103,,101,,112,,126,,140,,155,,169,,182,,193,,,,,,
111,"141259",141259,,Transmission,MiniPAT,12-Dec-2015,19:48:45,,2,,,,,,02:00:00 12-Dec-2015,0,20.8,Dusk,450,16,144,,,0,,20621,154,,142,,138,,137,,121,,101,,90,,76,,61,,,,,,
112,"141259",141259,,Transmission,MiniPAT,13-Dec-2015,09:17:30,,3,,,,,408,09:00:00 13-Dec-2015,0,20.3,Dawn,450,16,176,,,0,,62773,74,,81,,88,,104,,115,,126,,135,,145,,152,,,,,,
113,"141259",141259,,Transmission,MiniPAT,13-Dec-2015,19:51:15,,3,,,,,,09:00:00 13-Dec-2015,0,20.3,Dusk,450,16,16,,,0,,40619,155,,147,,138,,123,,110,,96,,82,,70,,56,,,,,,
114,"141259",141259,,Transmission,MiniPAT,15-Dec-2015,09:16:15,,2,,,,,664,03:00:00 15-Dec-2015,0,20.3,Dawn,750,16,16,,,0,,36661,60,,85,,111,,134,,150,,151,,170,,173,,177,,,,,,
115,"141259",141259,,Transmission,MiniPAT,15-Dec-2015,19:20:00,,2,,,,,176,03:00:00 15-Dec-2015,0,20.3,Dusk,750,16,16,,,0,,10120,174,,170,,161,,152,,139,,121,,93,,70,,54,,,,,,
116,"141259",141259,,Transmission,MiniPAT,16-Dec-2015,09:31:15,,4,,,,,176,02:00:00 16-Dec-2015,0,21.0,Dawn,600,16,144,,,0,,8559,79,,98,,114,,135,,147,,160,,176,,162,,172,,,,,,
117,"141259",141259,,Transmission,MiniPAT,16-Dec-2015,19:56:15,,4,,,,,,02:00:00 16-Dec-2015,0,21.0,Dusk,450,16,48,,,0,,36563,165,,157,,148,,140,,122,,107,,93,,80,,63,,,,,,
118,"141259",141259,,Transmission,MiniPAT,17-Dec-2015,09:26:15,,7,,,,,464,07:00:00 17-Dec-2015,0,21.3,Dawn,600,16,16,,,0,,65101,88,,102,,123,,147,,156,,160,,172,,174,,179,,,,,,
119,"141259",141259,,Transmission,MiniPAT,17-Dec-2015,19:58:45,,7,,,,,,07:00:00 17-Dec-2015,0,21.3,Dusk,450,16,48,,,0,,26443,171,,158,,148,,137,,121,,105,,91,,84,,74,,,,,,
120,"141259",141259,,Transmission,MiniPAT,18-Dec-2015,20:07:30,,5,,,,,,17:00:00 18-Dec-2015,0,21.1,Dusk,300,16,208,,,0,,3376,209,,175,,147,,129,,121,,111,,100,,92,,83,,,,,,
121,"141259",141259,,Transmission,MiniPAT,18-Dec-2015,21:03:45,,5,,,,,,17:00:00 18-Dec-2015,0,21.1,Dawn,300,80,144,,,0,,55721,94,,92,,89,,87,,84,,81,,79,,76,,74,,,,,,
122,"141259",141259,,Transmission,MiniPAT,19-Dec-2015,10:01:15,,5,,,,,456,04:00:00 19-Dec-2015,0,21.9,Dawn,300,112,400,,,0,,49589,179,,202,,227,,247,,255,,255,,255,,255,,255,,,,,,
123,"141259",141259,,Transmission,MiniPAT,19-Dec-2015,20:07:30,,5,,,,,496,04:00:00 19-Dec-2015,0,21.9,Dusk,300,16,112,,,0,,49046,168,,162,,155,,139,,122,,108,,99,,90,,83,,,,,,
124,"141259",141259,,Transmission,MiniPAT,20-Dec-2015,09:30:00,,1,,,,,496,03:00:00 20-Dec-2015,0,22.3,Dawn,300,16,304,,,0,,54581,82,,85,,88,,97,,112,,129,,143,,155,,164,,,,,,
125,"141259",141259,,Transmission,MiniPAT,20-Dec-2015,20:12:30,,1,,,,,,03:00:00 20-Dec-2015,0,22.3,Dusk,300,16,144,,,0,,39218,135,,119,,110,,107,,103,,95,,91,,87,,80,,,,,,
126,"141259",141259,,Transmission,MiniPAT,21-Dec-2015,20:02:30,,1,,,,,,02:00:00 21-Dec-2015,0,22.0,Dusk,450,16,144,,,0,,7198,136,,128,,116,,112,,107,,103,,92,,83,,70,,,,,,
127,"141259",141259,,Transmission,MiniPAT,22-Dec-2015,09:40:00,,1,,,,,488,02:00:00 21-Dec-2015,0,22.0,Dawn,300,80,240,,,0,,27113,89,,103,,111,,111,,117,,124,,131,,145,,157,,,,,,
128,"141259",141259,,Transmission,MiniPAT,22-Dec-2015,09:41:15,,1,,,,,488,10:00:00 22-Dec-2015,0,22.0,Dawn,450,16,240,,,0,,8564,113,,138,,151,,156,,161,,163,,167,,176,,178,,,,,,
129,"141259",141259,,Transmission,MiniPAT,22-Dec-2015,19:47:30,,1,,,,,,10:00:00 22-Dec-2015,0,22.0,Dusk,600,16,336,,,0,,14855,189,,170,,149,,137,,119,,108,,96,,87,,74,,,,,,
130,"141259",141259,,Transmission,MiniPAT,23-Dec-2015,09:23:45,,5,,,,,,09:00:00 23-Dec-2015,0,21.9,Dawn,450,112,336,,,0,,47142,94,,111,,120,,131,,144,,160,,173,,186,,196,,,,,,
131,"141259",141259,,Transmission,MiniPAT,23-Dec-2015,19:55:00,,5,,,,,,09:00:00 23-Dec-2015,0,21.9,Dusk,450,16,304,,,0,,10746,182,,167,,151,,138,,126,,119,,113,,97,,87,,,,,,
132,"141259",141259,,Transmission,MiniPAT,24-Dec-2015,09:35:00,,3,,,,,520,04:00:00 24-Dec-2015,0,21.9,Dawn,750,16,336,,,0,,35976,108,,135,,152,,163,,174,,175,,177,,194,,206,,,,,,
133,"141259",141259,,Transmission,MiniPAT,24-Dec-2015,19:53:45,,3,,,,,488,04:00:00 24-Dec-2015,0,21.9,Dusk,450,16,336,,,0,,41582,193,,181,,165,,143,,129,,121,,108,,89,,78,,,,,,
134,"141259",141259,,Transmission,MiniPAT,25-Dec-2015,20:03:45,,2,,,,,,01:00:00 25-Dec-2015,0,22.9,Dusk,300,16,272,,,0,,34581,179,,169,,158,,146,,139,,131,,119,,109,,100,,,,,,
135,"141259",141259,,Transmission,MiniPAT,26-Dec-2015,09:31:15,,2,,,,,632,01:00:00 25-Dec-2015,0,22.9,Dawn,300,48,368,,,0,,8801,117,,130,,141,,151,,158,,169,,181,,193,,202,,,,,,
136,"141259",141259,,Transmission,MiniPAT,27-Dec-2015,09:25:00,,2,,,,,450,04:00:00 27-Dec-2015,0,22.8,Dawn,450,16,304,,,0,,49934,98,,112,,132,,143,,150,,159,,169,,181,,195,,,,,,
137,"141259",141259,,Transmission,MiniPAT,27-Dec-2015,19:57:30,,2,,,,,,04:00:00 27-Dec-2015,0,22.8,Dusk,450,16,336,,,0,,25657,193,,185,,174,,155,,137,,121,,107,,90,,75,,,,,,
138,"141259",141259,,Transmission,MiniPAT,28-Dec-2015,09:21:15,,5,,,,,536,06:00:00 28-Dec-2015,0,22.6,Dawn,300,144,368,,,0,,52405,101,,111,,127,,142,,156,,170,,183,,192,,196,,,,,,
139,"141259",141259,,Transmission,MiniPAT,28-Dec-2015,20:33:45,,5,,,,,,06:00:00 28-Dec-2015,0,22.6,Dusk,300,80,368,,,0,,43931,180,,179,,181,,179,,155,,97,,79,,79,,72,,,,,,
140,"141259",141259,,Transmission,MiniPAT,29-Dec-2015,09:25:00,,5,,,,,,02:00:00 29-Dec-2015,0,23.0,Dawn,450,16,432,,,0,,58857,105,,124,,134,,151,,167,,184,,198,,211,,216,,,,,,
141,"141259",141259,,Transmission,MiniPAT,29-Dec-2015,19:37:30,,5,,,,,,02:00:00 29-Dec-2015,0,23.0,Dusk,600,16,208,,,0,,23964,187,,177,,170,,166,,162,,146,,128,,101,,85,,,,,,
142,"141259",141259,,Transmission,MiniPAT,30-Dec-2015,09:22:30,,1,,,,,440,03:00:00 30-Dec-2015,0,22.9,Dawn,450,16,336,,,0,,32448,100,,115,,133,,147,,164,,179,,185,,192,,198,,,,,,
143,"141259",141259,,Transmission,MiniPAT,30-Dec-2015,20:07:30,,1,,,,,456,03:00:00 30-Dec-2015,0,22.9,Dusk,450,16,304,,,0,,12095,190,,181,,164,,143,,128,,111,,101,,86,,73,,,,,,
144,"141259",141259,,Transmission,MiniPAT,31-Dec-2015,19:51:15,,1,,,,,,02:00:00 01-Jan-2016,0,23.0,Dusk,600,16,112,,,0,,50250,179,,172,,167,,156,,147,,125,,100,,85,,73,,,,,,
145,"141259",141259,,Transmission,MiniPAT,01-Jan-2016,09:15:00,,1,,,,,568,02:00:00 01-Jan-2016,0,23.0,Dawn,300,112,368,,,0,,36097,94,,100,,117,,130,,143,,163,,174,,174,,180,,,,,,
146,"141259",141259,,Transmission,MiniPAT,01-Jan-2016,09:36:15,,3,,,,,568,05:00:00 01-Jan-2016,0,23.0,Dawn,300,272,368,,,0,,13435,145,,165,,174,,175,,182,,188,,190,,193,,198,,,,,,
147,"141259",141259,,Transmission,MiniPAT,01-Jan-2016,20:10:00,,3,,,,,,05:00:00 01-Jan-2016,0,23.0,Dusk,300,16,176,,,0,,48172,174,,168,,163,,156,,152,,146,,136,,122,,110,,,,,,
148,"141259",141259,,Transmission,MiniPAT,02-Jan-2016,19:53:45,,3,,,,,,04:00:00 03-Jan-2016,0,23.3,Dusk,300,16,144,,,0,,43568,179,,178,,176,,173,,171,,168,,163,,157,,151,,,,,,
149,"141259",141259,,Transmission,MiniPAT,03-Jan-2016,09:57:30,,2,,,,,792,04:00:00 03-Jan-2016,0,23.3,Dawn,300,80,528,,,0,,64245,219,,214,,208,,205,,201,,191,,185,,185,,187,,,,,,
150,"141259",141259,,Transmission,MiniPAT,03-Jan-2016,10:10:00,,3,,,,,792,04:00:00 03-Jan-2016,0,23.3,Dawn,300,80,368,,,0,,61404,207,,204,,197,,187,,185,,186,,189,,191,,193,,,,,,
151,"141259",141259,,Transmission,MiniPAT,03-Jan-2016,20:47:30,,2,,,,,,04:00:00 03-Jan-2016,0,23.3,Dusk,300,80,336,,,0,,22392,170,,169,,169,,170,,146,,92,,76,,71,,64,,,,,,
152,"141259",141259,,Transmission,MiniPAT,04-Jan-2016,10:23:45,,7,,,,,696,03:00:00 04-Jan-2016,0,23.4,Dawn,300,16,240,,,0,,3038,191,,185,,183,,186,,190,,189,,188,,188,,189,,,,,,
153,"141259",141259,,Transmission,MiniPAT,04-Jan-2016,20:08:45,,7,,,,,600,03:00:00 04-Jan-2016,0,23.4,Dusk,600,16,272,,,0,,46271,181,,164,,151,,139,,117,,93,,74,,76,,60,,,,,,
154,"141259",141259,,Transmission,MiniPAT,05-Jan-2016,10:35:00,,3,,,,,600,04:00:00 05-Jan-2016,0,23.6,Dawn,300,16,368,,,0,,59147,251,,223,,187,,177,,182,,197,,239,,255,,255,,,,,,
155,"141259",141259,,Transmission,MiniPAT,05-Jan-2016,20:31:15,,3,,,,,648,04:00:00 05-Jan-2016,0,23.6,Dusk,300,16,240,,,0,,268,231,,193,,152,,130,,124,,114,,102,,91,,78,,,,,,
156,"141259",141259,,Transmission,MiniPAT,06-Jan-2016,10:25:00,,4,,,,,648,10:00:00 06-Jan-2016,0,23.6,Dawn,300,16,368,,,0,,10761,255,,249,,220,,187,,179,,181,,210,,248,,255,,,,,,
157,"141259",141259,,Transmission,MiniPAT,06-Jan-2016,20:36:15,,4,,,,,800,10:00:00 06-Jan-2016,0,23.6,Dusk,300,16,336,,,0,,50023,252,,225,,179,,146,,122,,106,,97,,87,,75,,,,,,
158,"141259",141259,,Transmission,MiniPAT,07-Jan-2016,19:36:15,,3,,,,,,04:00:00 08-Jan-2016,0,23.5,Dusk,300,16,112,,,0,,51103,186,,183,,180,,179,,178,,176,,175,,175,,201,,,,,,
159,"141259",141259,,Transmission,MiniPAT,08-Jan-2016,10:16:15,,3,,,,,,04:00:00 08-Jan-2016,0,23.5,Dawn,300,432,656,,,0,,45783,255,,255,,255,,255,,255,,255,,255,,255,,255,,,,,,
160,"141259",141259,,Transmission,MiniPAT,08-Jan-2016,10:21:15,,4,,,,,,04:00:00 08-Jan-2016,0,23.5,Dawn,300,464,656,,,0,,26291,255,,255,,255,,255,,255,,255,,255,,255,,255,,,,,,
161,"141259",141259,,Transmission,MiniPAT,08-Jan-2016,20:01:15,,4,,,,,,04:00:00 08-Jan-2016,0,23.5,Dusk,300,16,304,,,0,,23316,251,,221,,184,,173,,169,,170,,199,,237,,255,,,,,,
162,"141259",141259,,Transmission,MiniPAT,09-Jan-2016,19:30:00,,4,,,,,,05:00:00 10-Jan-2016,0,23.8,Dusk,300,16,144,,,0,,63855,180,,177,,175,,172,,168,,164,,165,,169,,191,,,,,,
163,"141259",141259,,Transmission,MiniPAT,10-Jan-2016,09:06:15,,4,,,,,,05:00:00 10-Jan-2016,0,23.8,Dawn,300,16,272,,,0,,64896,50,,56,,63,,71,,80,,87,,96,,136,,180,,,,,,
164,"141259",141259,,Transmission,MiniPAT,10-Jan-2016,09:13:45,,5,,,,,,05:00:00 10-Jan-2016,0,23.8,Dawn,900,16,560,,,0,,4077,59,,85,,120,,139,,142,,88,,90,,226,,185,,,,,,
165,"141259",141259,,Transmission,MiniPAT,10-Jan-2016,20:06:15,,5,,,,,,05:00:00 10-Jan-2016,0,23.8,Dusk,1200,16,208,,,0,,20564,184,,171,,151,,109,,85,,74,,64,,54,,44,,,,,,
166,"141259",141259,,Transmission,MiniPAT,11-Jan-2016,21:01:15,,4,,,,,744,03:00:00 11-Jan-2016,0,22.9,Dusk,300,112,336,,,0,,13408,197,,191,,178,,74,,73,,74,,77,,72,,72,,,,,,
167,"141259",141259,,Transmission,MiniPAT,12-Jan-2016,05:45:00,,3,,,,,744,07:00:00 12-Jan-2016,0,23.4,Dawn,300,112,272,,,0,,13595,87,,85,,82,,80,,77,,74,,72,,69,,67,,,,,,
168,"141259",141259,,Transmission,MiniPAT,12-Jan-2016,10:30:00,,4,,,,,744,03:00:00 11-Jan-2016,0,22.9,Dawn,300,16,432,,,0,,40062,173,,169,,167,,171,,179,,184,,185,,188,,188,,,,,,
169,"141259",141259,,Transmission,MiniPAT,12-Jan-2016,20:08:45,,3,,,,,,07:00:00 12-Jan-2016,0,23.4,Dusk,1050,16,240,,,0,,11597,182,,170,,154,,124,,143,,106,,106,,124,,44,,,,,,
170,"141259",141259,,Transmission,MiniPAT,13-Jan-2016,10:47:30,,1,,,,,616,11:00:00 13-Jan-2016,0,23.0,Dawn,300,16,336,,,0,,36174,254,,233,,192,,180,,184,,184,,185,,188,,188,,,,,,
171,"141259",141259,,Transmission,MiniPAT,13-Jan-2016,20:15:00,,1,,,,,,11:00:00 13-Jan-2016,0,23.0,Dusk,750,16,144,,,0,,21602,197,,165,,154,,138,,110,,78,,82,,85,,63,,,,,,
172,"141259",141259,,Transmission,MiniPAT,14-Jan-2016,21:20:00,,1,,,,,,22:00:00 14-Jan-2016,0,23.3,Dusk,300,112,240,,,0,,26318,255,,255,,233,,94,,93,,98,,102,,93,,85,,,,,,
173,"141259",141259,,Transmission,MiniPAT,14-Jan-2016,22:00:00,,1,,,,,,22:00:00 14-Jan-2016,0,23.3,Dawn,300,16,144,,,0,,23123,85,,69,,56,,57,,54,,58,,75,,84,,91,,,,,,
174,"141259",141259,,Transmission,MiniPAT,15-Jan-2016,10:35:00,,4,,,,,584,11:00:00 15-Jan-2016,0,23.2,Dawn,300,16,176,,,0,,22655,221,,184,,178,,183,,188,,190,,190,,188,,188,,,,,,
175,"141259",141259,,Transmission,MiniPAT,15-Jan-2016,20:35:00,,4,,,,,608,11:00:00 15-Jan-2016,0,23.2,Dusk,750,16,176,,,0,,48790,205,,146,,126,,100,,111,,114,,104,,94,,85,,,,,,
176,"141259",141259,,Transmission,MiniPAT,16-Jan-2016,20:00:00,,5,,,,,672,20:00:00 16-Jan-2016,0,22.2,Dusk,600,16,112,,,0,,24336,185,,176,,173,,170,,162,,147,,126,,103,,105,,,,,,
177,"141259",141259,,Transmission,MiniPAT,16-Jan-2016,21:48:45,,5,,,,,672,20:00:00 16-Jan-2016,0,22.2,Dawn,300,16,144,,,0,,50834,94,,70,,67,,63,,69,,79,,82,,80,,77,,,,,,
178,"141259",141259,,Transmission,MiniPAT,17-Jan-2016,10:51:15,,4,,,,,672,06:00:00 17-Jan-2016,0,22.6,Dawn,300,16,400,,,0,,42552,255,,255,,255,,250,,219,,184,,175,,180,,182,,,,,,
179,"141259",141259,,Transmission,MiniPAT,17-Jan-2016,20:50:00,,4,,,,,,06:00:00 17-Jan-2016,0,22.6,Dusk,300,16,240,,,0,,6468,218,,190,,156,,125,,107,,102,,95,,89,,76,,,,,,
180,"141259",141259,,Transmission,MiniPAT,18-Jan-2016,20:13:45,,2,,,,,,17:00:00 18-Jan-2016,0,21.9,Dusk,300,16,208,,,0,,10741,194,,184,,179,,174,,171,,168,,174,,184,,187,,,,,,
181,"141259",141259,,Transmission,MiniPAT,18-Jan-2016,22:33:45,,2,,,,,,17:00:00 18-Jan-2016,0,21.9,Dawn,300,16,144,,,0,,62482,87,,76,,75,,75,,75,,85,,101,,106,,109,,,,,,
182,"141259",141259,,Transmission,MiniPAT,19-Jan-2016,19:56:15,,2,,,,,,01:00:00 19-Jan-2016,0,21.6,Dusk,600,16,176,,,0,,59061,216,,184,,176,,173,,162,,154,,144,,123,,117,,,,,,
183,"141259",141259,,Transmission,MiniPAT,20-Jan-2016,10:06:15,,2,,,,,664,01:00:00 19-Jan-2016,0,21.6,Dawn,300,368,560,,,0,,23662,96,,110,,147,,99,,116,,92,,103,,124,,94,,,,,,
184,"141259",141259,,Transmission,MiniPAT,20-Jan-2016,20:37:30,,3,,,,,,04:00:00 21-Jan-2016,0,20.9,Dusk,300,16,336,,,0,,28913,254,,239,,199,,162,,139,,126,,116,,109,,104,,,,,,
185,"141259",141259,,Transmission,MiniPAT,21-Jan-2016,10:01:15,,3,,,,,584,04:00:00 21-Jan-2016,0,20.9,Dawn,300,304,560,,,0,,38794,222,,234,,247,,248,,249,,249,,250,,251,,251,,,,,,
186,"141259",141259,,Transmission,MiniPAT,21-Jan-2016,20:28:45,,3,,,,,232,03:00:00 21-Jan-2016,0,19.7,Dusk,300,16,16,,,0,,37820,179,,171,,165,,160,,156,,150,,139,,127,,116,,,,,,
187,"141259",141259,,Transmission,MiniPAT,22-Jan-2016,09:57:30,,5,,,,,232,11:00:00 22-Jan-2016,0,19.7,Dawn,300,16,16,,,0,,32460,120,,133,,139,,144,,152,,159,,163,,164,,168,,,,,,
188,"141259",141259,,Transmission,MiniPAT,22-Jan-2016,10:06:15,,3,,,,,232,03:00:00 21-Jan-2016,0,19.7,Dawn,450,16,16,,,0,,6639,139,,145,,157,,163,,167,,174,,181,,181,,177,,,,,,
189,"141259",141259,,Transmission,MiniPAT,22-Jan-2016,20:41:15,,5,,,,,656,11:00:00 22-Jan-2016,0,19.7,Dusk,300,16,80,,,0,,39642,168,,167,,154,,142,,134,,123,,112,,101,,91,,,,,,
190,"141259",141259,,Transmission,MiniPAT,23-Jan-2016,10:01:15,,5,,,,,656,05:00:00 23-Jan-2016,0,20.4,Dawn,600,16,464,,,0,,48554,136,,148,,158,,161,,163,,169,,186,,255,,255,,,,,,
191,"141259",141259,,Transmission,MiniPAT,23-Jan-2016,20:56:15,,5,,,,,,05:00:00 23-Jan-2016,0,20.4,Dusk,300,16,208,,,0,,35996,214,,155,,118,,101,,93,,79,,63,,76,,74,,,,,,
192,"141259",141259,,Transmission,MiniPAT,24-Jan-2016,03:18:45,,6,,,,,600,05:00:00 24-Jan-2016,0,20.5,Dawn,300,16,240,,,0,,40600,116,,112,,107,,101,,83,,81,,86,,81,,77,,,,,,
193,"141259",141259,,Transmission,MiniPAT,24-Jan-2016,20:33:45,,6,,,,,,05:00:00 24-Jan-2016,0,20.5,Dusk,300,16,304,,,0,,27652,255,,242,,198,,153,,134,,125,,114,,104,,93,,,,,,
194,"141259",141259,,Transmission,MiniPAT,25-Jan-2016,21:48:45,,6,,,,,600,05:00:00 26-Jan-2016,9,20.5,Dusk,300,16,80,,,0,,45668,255,,225,,90,,31,,30,,30,,29,,30,,31,,,,,,
195,"141259",141259,,Transmission,MiniPAT,26-Jan-2016,06:28:45,,6,,,,,600,05:00:00 26-Jan-2016,9,20.5,Dawn,300,176,304,,,0,,49912,129,,126,,124,,121,,118,,116,,113,,110,,108,,,,,,
196,"141259",141259,,Transmission,MiniPAT,26-Jan-2016,14:16:15,,3,,,,,600,12:00:00 26-Jan-2016,0,20.3,Dusk,300,16,432,,,0,,46639,255,,255,,241,,201,,191,,197,,196,,197,,199,,,,,,
197,"141259",141259,,Transmission,MiniPAT,26-Jan-2016,17:08:45,,3,,,,,600,12:00:00 26-Jan-2016,0,20.3,Dawn,300,336,496,,,0,,40670,252,,255,,255,,255,,255,,255,,255,,255,,255,,,,,,
198,"141259",141259,,Transmission,MiniPAT,27-Jan-2016,20:23:45,,2,,,,,640,04:00:00 28-Jan-2016,0,19.6,Dusk,450,16,16,,,0,,61899,178,,177,,169,,162,,153,,141,,124,,109,,93,,,,,,
199,"141259",141259,,Transmission,MiniPAT,28-Jan-2016,09:51:15,,3,,,,,640,04:00:00 28-Jan-2016,0,19.6,Dawn,450,16,16,,,0,,16946,108,,121,,135,,152,,155,,161,,168,,174,,176,,,,,,
200,"141259",141259,,Transmission,MiniPAT,28-Jan-2016,09:53:45,,2,,,,,640,04:00:00 28-Jan-2016,0,19.6,Dawn,450,16,16,,,0,,54065,113,,127,,141,,154,,158,,163,,171,,173,,176,,,,,,
201,"141259",141259,,Transmission,MiniPAT,28-Jan-2016,21:28:45,,3,,,,,,04:00:00 28-Jan-2016,0,19.6,Dusk,300,16,240,,,0,,19069,255,,255,,255,,243,,127,,44,,45,,44,,43,,,,,,
202,"141259",141259,,Transmission,MiniPAT,29-Jan-2016,20:25:00,,3,,,,,,03:00:00 30-Jan-2016,0,19.6,Dusk,450,16,16,,,0,,62247,170,,167,,160,,152,,146,,133,,117,,100,,84,,,,,,
203,"141259",141259,,Transmission,MiniPAT,30-Jan-2016,09:46:15,,2,,,,,,03:00:00 30-Jan-2016,0,19.6,Dawn,600,16,368,,,0,,9447,96,,107,,122,,138,,149,,159,,168,,194,,255,,,,,,
204,"141259",141259,,Transmission,MiniPAT,30-Jan-2016,09:57:30,,3,,,,,,03:00:00 30-Jan-2016,0,19.6,Dawn,600,16,464,,,0,,38956,107,,125,,139,,149,,161,,167,,208,,255,,254,,,,,,
205,"141259",141259,,Transmission,MiniPAT,30-Jan-2016,20:53:45,,2,,,,,,03:00:00 30-Jan-2016,0,19.6,Dusk,300,16,176,,,0,,47480,219,,178,,155,,137,,118,,106,,95,,85,,79,,,,,,
206,"141259",141259,,Transmission,MiniPAT,31-Jan-2016,09:38:45,,4,,,,,448,08:00:00 31-Jan-2016,0,19.6,Dawn,300,16,208,,,0,,34771,74,,81,,89,,100,,111,,123,,155,,198,,232,,,,,,
207,"141259",141259,,Transmission,MiniPAT,31-Jan-2016,21:28:45,,4,,,,,,08:00:00 31-Jan-2016,0,19.6,Dusk,300,16,272,,,0,,12640,255,,255,,255,,203,,84,,56,,53,,50,,48,,,,,,
208,"141259",141259,,Transmission,MiniPAT,01-Feb-2016,20:33:45,,3,,,,,450,00:00:00 01-Feb-2016,0,19.2,Dusk,750,16,208,,,0,,21233,250,,223,,190,,154,,127,,118,,122,,125,,46,,,,,,
209,"141259",141259,,Transmission,MiniPAT,02-Feb-2016,09:31:15,,3,,,,,450,08:00:00 02-Feb-2016,0,19.2,Dawn,450,16,336,,,0,,33155,69,,81,,92,,123,,168,,211,,248,,255,,255,,,,,,
210,"141259",141259,,Transmission,MiniPAT,02-Feb-2016,09:40:00,,3,,,,,450,00:00:00 01-Feb-2016,0,19.2,Dawn,450,16,368,,,0,,39763,85,,97,,131,,176,,218,,251,,255,,255,,255,,,,,,
211,"141259",141259,,Transmission,MiniPAT,02-Feb-2016,20:12:30,,3,,,,,,08:00:00 02-Feb-2016,0,19.2,Dusk,750,16,176,,,0,,64739,250,,228,,227,,224,,182,,116,,88,,67,,52,,,,,,
212,"141259",141259,,Transmission,MiniPAT,03-Feb-2016,09:57:30,,4,,,,,424,10:00:00 03-Feb-2016,0,19.0,Dawn,450,16,272,,,0,,8396,142,,128,,140,,151,,159,,178,,231,,253,,255,,,,,,
213,"141259",141259,,Transmission,MiniPAT,03-Feb-2016,20:40:00,,4,,,,,600,10:00:00 03-Feb-2016,0,19.0,Dusk,600,16,16,,,0,,42910,169,,160,,154,,136,,112,,96,,79,,59,,45,,,,,,
214,"141259",141259,,Transmission,MiniPAT,04-Feb-2016,21:43:45,,4,,,,,,02:00:00 05-Feb-2016,0,19.0,Dusk,300,16,208,,,0,,1350,191,,194,,253,,186,,84,,50,,51,,50,,50,,,,,,
215,"141259",141259,,Transmission,MiniPAT,05-Feb-2016,09:27:30,,2,,,,,,02:00:00 05-Feb-2016,0,19.0,Dawn,300,16,112,,,0,,27825,52,,60,,68,,76,,83,,87,,100,,127,,157,,,,,,
216,"141259",141259,,Transmission,MiniPAT,05-Feb-2016,09:35:00,,4,,,,,,02:00:00 05-Feb-2016,0,19.0,Dawn,450,16,272,,,0,,36485,64,,77,,85,,101,,143,,181,,216,,249,,255,,,,,,
217,"141259",141259,,Transmission,MiniPAT,05-Feb-2016,20:42:30,,2,,,,,,02:00:00 05-Feb-2016,0,19.0,Dusk,600,16,16,,,0,,29026,166,,158,,152,,134,,110,,92,,75,,59,,50,,,,,,
218,"141259",141259,,Transmission,MiniPAT,06-Feb-2016,09:42:30,,1,,,,,376,03:00:00 06-Feb-2016,0,18.8,Dawn,600,16,16,,,0,,52390,81,,98,,118,,140,,153,,161,,163,,166,,171,,,,,,
219,"141259",141259,,Transmission,MiniPAT,06-Feb-2016,21:10:00,,1,,,,,450,03:00:00 06-Feb-2016,0,18.8,Dusk,300,16,176,,,0,,48255,187,,131,,105,,97,,90,,82,,73,,64,,56,,,,,,
220,"141259",141259,,Transmission,MiniPAT,07-Feb-2016,09:37:30,,2,,,,,450,09:00:00 07-Feb-2016,0,19.3,Dawn,300,16,112,,,0,,59342,65,,72,,80,,88,,97,,107,,118,,131,,167,,,,,,
221,"141259",141259,,Transmission,MiniPAT,07-Feb-2016,20:46:15,,2,,,,,,09:00:00 07-Feb-2016,0,19.3,Dusk,450,16,16,,,0,,24580,156,,151,,141,,129,,113,,97,,83,,69,,56,,,,,,
222,"141259",141259,,Transmission,MiniPAT,08-Feb-2016,09:36:15,,3,,,,,360,02:00:00 08-Feb-2016,0,18.5,Dawn,600,16,16,,,0,,33909,56,,72,,87,,105,,125,,136,,146,,156,,158,,,,,,
223,"141259",141259,,Transmission,MiniPAT,08-Feb-2016,20:50:00,,3,,,,,,02:00:00 08-Feb-2016,0,18.5,Dusk,450,16,16,,,0,,61071,148,,142,,131,,114,,98,,82,,70,,59,,48,,,,,,
224,"141259",141259,,Transmission,MiniPAT,09-Feb-2016,09:26:15,,6,,,,,496,03:00:00 09-Feb-2016,0,18.4,Dawn,600,16,16,,,0,,25243,55,,69,,85,,101,,120,,138,,149,,162,,166,,,,,,
225,"141259",141259,,Transmission,MiniPAT,09-Feb-2016,21:11:15,,6,,,,,350,03:00:00 09-Feb-2016,0,18.4,Dusk,450,16,112,,,0,,60931,155,,111,,98,,85,,74,,63,,54,,50,,46,,,,,,
226,"141259",141259,,Transmission,MiniPAT,10-Feb-2016,09:23:45,,5,,,,,350,10:00:00 10-Feb-2016,0,18.3,Dawn,450,16,16,,,0,,5407,45,,52,,64,,78,,93,,104,,116,,128,,138,,,,,,
227,"141259",141259,,Transmission,MiniPAT,10-Feb-2016,21:01:15,,5,,,,,40,10:00:00 10-Feb-2016,0,18.3,Dusk,450,16,16,,,0,,33034,139,,125,,106,,92,,78,,64,,55,,46,,39,,,,,,
228,"141259",141259,,Transmission,MiniPAT,11-Feb-2016,09:30:00,,1,,,,,40,09:00:00 11-Feb-2016,0,18.8,Dawn,1050,16,16,,,0,,20083,61,,86,,116,,134,,143,,147,,157,,170,,173,,,,,,
229,"141259",141259,,Transmission,MiniPAT,11-Feb-2016,20:28:45,,1,,,,,176,09:00:00 11-Feb-2016,0,18.8,Dusk,750,16,16,,,0,,16110,170,,155,,146,,136,,115,,93,,73,,53,,38,,,,,,
230,"141259",141259,,Transmission,MiniPAT,12-Feb-2016,09:36:15,,2,,,,,176,07:00:00 12-Feb-2016,0,18.0,Dawn,750,16,48,,,0,,1747,80,,106,,133,,148,,162,,165,,175,,179,,180,,,,,,
231,"141259",141259,,Transmission,MiniPAT,12-Feb-2016,20:10:00,,2,,,,,272,07:00:00 12-Feb-2016,0,18.0,Dusk,750,16,16,,,0,,54962,172,,162,,159,,149,,130,,107,,92,,70,,55,,,,,,
232,"141259",141259,,Transmission,MiniPAT,13-Feb-2016,09:26:15,,5,,,,,272,02:00:00 13-Feb-2016,0,18.9,Dawn,450,16,80,,,0,,9511,68,,80,,95,,108,,123,,135,,142,,147,,165,,,,,,
233,"141259",141259,,Transmission,MiniPAT,13-Feb-2016,20:48:45,,5,,,,,,02:00:00 13-Feb-2016,0,18.9,Dusk,450,16,16,,,0,,41143,165,,157,,146,,127,,110,,95,,86,,76,,66,,,,,,
234,"141259",141259,,Transmission,MiniPAT,14-Feb-2016,09:35:00,,6,,,,,35,11:00:00 14-Feb-2016,0,18.4,Dawn,600,16,16,,,0,,23774,65,,87,,103,,123,,131,,142,,152,,159,,165,,,,,,
235,"141259",141259,,Transmission,MiniPAT,14-Feb-2016,20:00:00,,6,,,,,,11:00:00 14-Feb-2016,0,18.4,Dusk,750,16,16,,,0,,18040,169,,159,,155,,147,,140,,125,,99,,73,,63,,,,,,
236,"141259",141259,,Transmission,MiniPAT,15-Feb-2016,09:31:15,,4,,,,,,04:00:00 15-Feb-2016,0,18.9,Dawn,450,16,16,,,0,,18522,95,,110,,122,,134,,142,,147,,155,,158,,165,,,,,,
237,"141259",141259,,Transmission,MiniPAT,15-Feb-2016,20:28:45,,4,,,,,,04:00:00 15-Feb-2016,0,18.9,Dusk,450,16,16,,,0,,37959,164,,158,,154,,151,,142,,125,,111,,99,,87,,,,,,
238,"141259",141259,,Transmission,MiniPAT,16-Feb-2016,09:28:45,,5,,,,,536,10:00:00 16-Feb-2016,0,18.1,Dawn,450,16,16,,,0,,1130,105,,120,,136,,148,,157,,166,,171,,174,,179,,,,,,
239,"141259",141259,,Transmission,MiniPAT,16-Feb-2016,20:32:30,,5,,,,,,10:00:00 16-Feb-2016,0,18.1,Dusk,450,16,16,,,0,,53262,169,,165,,159,,146,,134,,117,,104,,91,,82,,,,,,
240,"141259",141259,,Transmission,MiniPAT,17-Feb-2016,09:16:15,,5,,,,,506,04:00:00 17-Feb-2016,0,18.8,Dawn,600,16,16,,,0,,13753,87,,107,,125,,141,,147,,155,,164,,171,,167,,,,,,
241,"141259",141259,,Transmission,MiniPAT,17-Feb-2016,20:08:45,,5,,,,,,04:00:00 17-Feb-2016,0,18.8,Dusk,600,16,16,,,0,,42206,166,,163,,157,,149,,135,,120,,103,,86,,73,,,,,,
242,"141259",141259,,Transmission,MiniPAT,18-Feb-2016,09:23:45,,4,,,,,,09:00:00 18-Feb-2016,0,18.8,Dawn,750,16,16,,,0,,8560,99,,124,,142,,153,,166,,170,,176,,179,,185,,,,,,
243,"141259",141259,,Transmission,MiniPAT,18-Feb-2016,19:52:30,,4,,,,,150,09:00:00 18-Feb-2016,0,18.8,Dusk,750,16,16,,,0,,60099,176,,165,,167,,159,,147,,127,,92,,83,,78,,,,,,
244,"141259",141259,,Transmission,MiniPAT,19-Feb-2016,09:17:30,,2,,,,,150,09:00:00 19-Feb-2016,0,18.4,Dawn,450,16,16,,,0,,9869,101,,118,,133,,139,,152,,159,,166,,174,,176,,,,,,
245,"141259",141259,,Transmission,MiniPAT,19-Feb-2016,20:31:15,,2,,,,,,09:00:00 19-Feb-2016,0,18.4,Dusk,450,16,16,,,0,,4321,162,,154,,145,,132,,117,,106,,90,,80,,77,,,,,,
246,"141259",141259,,Transmission,MiniPAT,20-Feb-2016,09:08:45,,3,,,,,64,02:00:00 20-Feb-2016,0,18.8,Dawn,300,16,16,,,0,,12539,91,,98,,106,,114,,124,,134,,140,,150,,155,,,,,,
247,"141259",141259,,Transmission,MiniPAT,20-Feb-2016,20:20:00,,3,,,,,304,02:00:00 20-Feb-2016,0,18.8,Dusk,450,16,16,,,0,,1778,152,,149,,147,,146,,134,,127,,115,,98,,81,,,,,,
248,"141259",141259,,Transmission,MiniPAT,21-Feb-2016,09:21:15,,2,,,,,304,04:00:00 21-Feb-2016,0,18.3,Dawn,300,16,16,,,0,,9806,98,,112,,120,,129,,139,,147,,154,,160,,159,,,,,,
249,"141259",141259,,Transmission,MiniPAT,21-Feb-2016,20:35:00,,2,,,,,520,04:00:00 21-Feb-2016,0,18.3,Dusk,450,16,16,,,0,,19858,160,,155,,150,,142,,126,,112,,98,,88,,77,,,,,,
250,"141259",141259,,Transmission,MiniPAT,22-Feb-2016,09:07:30,,1,,,,,520,04:00:00 22-Feb-2016,0,17.8,Dawn,300,16,16,,,0,,36481,89,,96,,105,,115,,124,,134,,144,,153,,158,,,,,,
251,"141259",141259,,Transmission,MiniPAT,22-Feb-2016,20:31:15,,1,,,,,,04:00:00 22-Feb-2016,0,17.8,Dusk,450,16,16,,,0,,40511,160,,155,,155,,145,,131,,115,,101,,88,,78,,,,,,
252,"141259",141259,,Transmission,MiniPAT,23-Feb-2016,09:16:15,,1,,,,,432,07:00:00 23-Feb-2016,0,18.5,Dawn,450,16,16,,,0,,6663,99,,116,,128,,140,,152,,158,,158,,163,,168,,,,,,
253,"141259",141259,,Transmission,MiniPAT,23-Feb-2016,20:33:45,,1,,,,,,07:00:00 23-Feb-2016,0,18.5,Dusk,450,16,16,,,0,,2983,158,,154,,147,,135,,130,,119,,105,,92,,77,,,,,,
254,"141259",141259,,Transmission,MiniPAT,25-Feb-2016,04:05:00,,1,,,,,480,09:00:00 25-Feb-2016,0,18.0,Dusk,1050,112,208,,,0,,1116,71,,93,,109,,116,,123,,130,,119,,110,,100,,,,,,
255,"141259",141259,,Transmission,MiniPAT,25-Feb-2016,04:36:15,,1,,,,,480,09:00:00 25-Feb-2016,0,18.0,Dawn,1050,80,240,,,0,,16701,107,,114,,121,,128,,117,,112,,102,,92,,100,,,,,,
256,"141259",141259,,Transmission,MiniPAT,26-Feb-2016,09:02:30,,2,,,,,36,02:00:00 26-Feb-2016,0,17.3,Dawn,450,16,16,,,0,,5655,83,,93,,105,,115,,129,,140,,148,,155,,164,,,,,,
257,"141259",141259,,Transmission,MiniPAT,26-Feb-2016,20:37:30,,2,,,,,528,02:00:00 26-Feb-2016,0,17.3,Dusk,450,16,16,,,0,,8713,164,,153,,145,,137,,123,,108,,93,,79,,67,,,,,,
258,"141259",141259,,Transmission,MiniPAT,27-Feb-2016,08:51:15,,2,,,,,528,06:00:00 27-Feb-2016,0,17.9,Dawn,300,16,16,,,0,,10521,76,,91,,104,,110,,111,,117,,132,,146,,156,,,,,,
259,"141259",141259,,Transmission,MiniPAT,27-Feb-2016,20:30:00,,2,,,,,464,06:00:00 27-Feb-2016,0,17.9,Dusk,450,16,16,,,0,,9419,154,,145,,139,,133,,122,,103,,93,,81,,68,,,,,,
260,"141259",141259,,Transmission,MiniPAT,28-Feb-2016,09:01:15,,3,,,,,464,08:00:00 28-Feb-2016,0,18.0,Dawn,450,16,16,,,0,,7305,71,,86,,101,,114,,126,,129,,133,,138,,143,,,,,,
261,"141259",141259,,Transmission,MiniPAT,28-Feb-2016,20:36:15,,3,,,,,528,08:00:00 28-Feb-2016,0,18.0,Dusk,450,16,272,,,0,,10053,142,,137,,131,,119,,103,,89,,76,,63,,52,,,,,,
262,"141259",141259,,Transmission,MiniPAT,29-Feb-2016,08:38:45,,7,,,,,528,10:00:00 29-Feb-2016,0,18.1,Dawn,600,16,80,,,0,,19601,61,,73,,89,,108,,129,,138,,148,,153,,158,,,,,,
263,"141259",141259,,Transmission,MiniPAT,29-Feb-2016,21:20:00,,7,,,,,,10:00:00 29-Feb-2016,0,18.1,Dusk,300,16,208,,,0,,57316,163,,164,,165,,163,,115,,49,,42,,40,,36,,,,,,
264,"141259",141259,,Transmission,MiniPAT,01-Mar-2016,08:41:15,,1,,,,,,05:00:00 01-Mar-2016,0,18.0,Dawn,600,16,16,,,0,,27107,66,,82,,102,,117,,132,,140,,150,,159,,164,,,,,,
265,"141259",141259,,Transmission,MiniPAT,01-Mar-2016,19:48:45,,1,,,,,,05:00:00 01-Mar-2016,0,18.0,Dusk,750,16,464,,,0,,25464,161,,154,,147,,140,,133,,124,,107,,85,,58,,,,,,
266,"141259",141259,,Transmission,MiniPAT,02-Mar-2016,08:31:15,,2,,,,,496,09:00:00 02-Mar-2016,0,17.8,Dawn,600,16,16,,,0,,46422,53,,68,,91,,106,,126,,138,,151,,162,,162,,,,,,
267,"141259",141259,,Transmission,MiniPAT,02-Mar-2016,20:25:00,,2,,,,,450,09:00:00 02-Mar-2016,0,17.8,Dusk,600,16,16,,,0,,23803,151,,144,,136,,125,,107,,86,,71,,51,,41,,,,,,
268,"141259",141259,,Transmission,MiniPAT,03-Mar-2016,08:28:45,,5,,,,,450,04:00:00 03-Mar-2016,0,17.5,Dawn,600,16,16,,,0,,43190,57,,76,,92,,108,,136,,146,,151,,156,,161,,,,,,
269,"141259",141259,,Transmission,MiniPAT,03-Mar-2016,20:23:45,,5,,,,,480,04:00:00 03-Mar-2016,0,17.5,Dusk,600,16,16,,,0,,8254,155,,145,,136,,124,,107,,85,,68,,53,,42,,,,,,
270,"141259",141259,,Transmission,MiniPAT,04-Mar-2016,08:18:45,,6,,,,,480,10:00:00 04-Mar-2016,0,17.7,Dawn,600,16,16,,,0,,53177,55,,69,,85,,103,,122,,140,,148,,157,,162,,,,,,
271,"141259",141259,,Transmission,MiniPAT,04-Mar-2016,20:32:30,,6,,,,,600,10:00:00 04-Mar-2016,0,17.7,Dusk,600,16,176,,,0,,14240,162,,152,,136,,117,,84,,75,,61,,50,,37,,,,,,
272,"141259",141259,,Transmission,MiniPAT,05-Mar-2016,08:16:15,,3,,,,,600,02:00:00 05-Mar-2016,0,17.5,Dawn,600,16,16,,,0,,38375,65,,81,,96,,110,,126,,143,,150,,152,,154,,,,,,
273,"141259",141259,,Transmission,MiniPAT,05-Mar-2016,20:42:30,,3,,,,,,02:00:00 05-Mar-2016,0,17.5,Dusk,450,16,16,,,0,,62428,148,,139,,123,,105,,88,,75,,65,,54,,47,,,,,,
274,"141259",141259,,Transmission,MiniPAT,06-Mar-2016,08:01:15,,1,,,,,496,06:00:00 06-Mar-2016,0,15.8,Dawn,450,16,16,,,0,,46816,50,,64,,78,,89,,97,,112,,130,,141,,149,,,,,,
275,"141259",141259,,Transmission,MiniPAT,06-Mar-2016,20:42:30,,1,,,,,56,06:00:00 06-Mar-2016,0,15.8,Dusk,450,16,16,,,0,,2709,143,,133,,122,,108,,94,,80,,67,,55,,44,,,,,,
276,"141259",141259,,Transmission,MiniPAT,07-Mar-2016,08:10:00,,3,,,,,56,01:00:00 07-Mar-2016,0,17.1,Dawn,450,16,16,,,0,,4485,66,,78,,92,,105,,110,,131,,143,,146,,152,,,,,,
277,"141259",141259,,Transmission,MiniPAT,07-Mar-2016,20:45:00,,3,,,,,,01:00:00 07-Mar-2016,0,17.1,Dusk,450,16,16,,,0,,34989,143,,133,,118,,104,,90,,75,,64,,52,,42,,,,,,
278,"141259",141259,,Transmission,MiniPAT,08-Mar-2016,08:06:15,,3,,,,,,08:00:00 08-Mar-2016,0,16.9,Dawn,900,16,464,,,0,,48721,60,,84,,105,,130,,141,,141,,154,,164,,167,,,,,,
279,"141259",141259,,Transmission,MiniPAT,08-Mar-2016,20:05:00,,3,,,,,536,08:00:00 08-Mar-2016,0,16.9,Dusk,750,16,16,,,0,,16531,166,,159,,152,,139,,123,,97,,75,,55,,41,,,,,,
280,"141259",141259,,Transmission,MiniPAT,09-Mar-2016,08:13:45,,5,,,,,536,09:00:00 09-Mar-2016,0,16.8,Dawn,450,16,16,,,0,,54203,48,,65,,80,,96,,113,,130,,140,,146,,152,,,,,,
281,"141259",141259,,Transmission,MiniPAT,09-Mar-2016,20:43:45,,5,,,,,,09:00:00 09-Mar-2016,0,16.8,Dusk,450,16,304,,,0,,43061,151,,142,,130,,110,,100,,90,,73,,51,,42,,,,,,
282,"141259",141259,,Transmission,MiniPAT,10-Mar-2016,08:02:30,,4,,,,,480,09:00:00 10-Mar-2016,0,17.0,Dawn,450,16,16,,,0,,1429,44,,50,,60,,72,,87,,103,,122,,134,,143,,,,,,
283,"141259",141259,,Transmission,MiniPAT,10-Mar-2016,20:53:45,,4,,,,,16,09:00:00 10-Mar-2016,0,17.0,Dusk,450,16,16,,,0,,3313,142,,131,,115,,100,,86,,73,,58,,46,,39,,,,,,
284,"141259",141259,,Transmission,MiniPAT,11-Mar-2016,08:02:30,,4,,,,,16,02:00:00 11-Mar-2016,0,17.0,Dawn,600,16,16,,,0,,5702,45,,51,,65,,88,,104,,123,,130,,140,,149,,,,,,
285,"141259",141259,,Transmission,MiniPAT,11-Mar-2016,20:32:30,,4,,,,,,02:00:00 11-Mar-2016,0,17.0,Dusk,600,16,16,,,0,,58627,145,,136,,129,,118,,92,,71,,53,,47,,38,,,,,,
286,"141259",141259,,Transmission,MiniPAT,12-Mar-2016,08:07:30,,1,,,,,16,03:00:00 12-Mar-2016,0,17.5,Dawn,750,16,16,,,0,,17471,50,,67,,92,,116,,138,,140,,148,,156,,163,,,,,,
287,"141259",141259,,Transmission,MiniPAT,12-Mar-2016,20:20:00,,1,,,,,,03:00:00 12-Mar-2016,0,17.5,Dusk,750,16,16,,,0,,47575,160,,151,,147,,130,,111,,93,,74,,57,,41,,,,,,
288,"141259",141259,,Transmission,MiniPAT,13-Mar-2016,07:47:30,,1,,,,,,05:00:00 13-Mar-2016,0,17.4,Dawn,300,16,16,,,0,,40630,47,,47,,49,,52,,60,,71,,81,,90,,100,,,,,,
289,"141259",141259,,Transmission,MiniPAT,14-Mar-2016,00:20:00,,1,,,,,160,05:00:00 13-Mar-2016,0,17.4,Dusk,300,16,112,,,0,,45830,89,,99,,94,,91,,62,,40,,42,,38,,39,,,,,,
290,"141259",141259,,Transmission,MiniPAT,14-Mar-2016,08:23:45,,1,,,,,160,02:00:00 14-Mar-2016,0,16.9,Dawn,450,16,16,,,0,,30780,76,,91,,104,,118,,128,,132,,136,,143,,136,,,,,,
291,"141259",141259,,Transmission,MiniPAT,14-Mar-2016,20:51:15,,1,,,,,,02:00:00 14-Mar-2016,0,16.9,Dusk,450,16,48,,,0,,3061,142,,130,,112,,100,,89,,77,,68,,53,,47,,,,,,
292,"141259",141259,,Transmission,MiniPAT,18-Mar-2016,20:56:15,,2,,,,,,07:00:00 19-Mar-2016,0,16.5,Dusk,300,16,16,,,0,,5274,132,,125,,117,,107,,99,,91,,83,,76,,70,,,,,,
293,"141259",141259,,Transmission,MiniPAT,19-Mar-2016,08:08:45,,2,,,,,456,07:00:00 19-Mar-2016,0,16.5,Dawn,450,144,304,,,0,,29079,83,,88,,93,,98,,102,,107,,114,,122,,129,,,,,,
294,"141259",141259,,Transmission,MiniPAT,19-Mar-2016,09:00:00,,4,,,,,456,07:00:00 19-Mar-2016,0,16.5,Dawn,300,112,176,,,0,,56252,120,,125,,130,,133,,132,,132,,134,,135,,133,,,,,,
295,"141259",141259,,Transmission,MiniPAT,19-Mar-2016,20:52:30,,4,,,,,450,07:00:00 19-Mar-2016,0,16.5,Dusk,300,16,16,,,0,,25775,139,,132,,125,,115,,105,,95,,84,,75,,72,,,,,,
296,"141259",141259,,Transmission,MiniPAT,20-Mar-2016,20:50:00,,4,,,,,,02:00:00 20-Mar-2016,0,17.5,Dusk,300,16,240,,,0,,58640,165,,163,,158,,150,,136,,121,,104,,91,,83,,,,,,
297,"141259",141259,,Transmission,MiniPAT,21-Mar-2016,10:06:15,,4,,,,,416,02:00:00 20-Mar-2016,0,17.5,Dawn,300,16,176,,,0,,2633,176,,174,,174,,178,,182,,184,,183,,180,,180,,,,,,
298,"141259",141259,,Transmission,MiniPAT,21-Mar-2016,21:17:30,,2,,,,,448,01:00:00 22-Mar-2016,0,16.6,Dusk,300,16,208,,,0,,52208,135,,134,,138,,135,,115,,73,,63,,62,,61,,,,,,
299,"141259",141259,,Transmission,MiniPAT,22-Mar-2016,08:12:30,,3,,,,,448,01:00:00 22-Mar-2016,0,16.6,Dawn,450,16,400,,,0,,10682,95,,111,,122,,137,,149,,160,,175,,183,,190,,,,,,
300,"141259",141259,,Transmission,MiniPAT,22-Mar-2016,08:15:00,,2,,,,,448,01:00:00 22-Mar-2016,0,16.6,Dawn,300,16,272,,,0,,16139,100,,111,,119,,126,,137,,146,,152,,159,,169,,,,,,
301,"141259",141259,,Transmission,MiniPAT,22-Mar-2016,20:12:30,,3,,,,,,01:00:00 22-Mar-2016,0,16.6,Dusk,600,16,208,,,0,,7334,167,,149,,143,,143,,139,,133,,118,,100,,76,,,,,,
302,"141259",141259,,Transmission,MiniPAT,23-Mar-2016,08:17:30,,5,,,,,472,01:00:00 23-Mar-2016,0,16.7,Dawn,300,16,16,,,0,,60663,102,,112,,119,,126,,132,,139,,146,,150,,153,,,,,,
303,"141259",141259,,Transmission,MiniPAT,23-Mar-2016,21:12:30,,5,,,,,456,01:00:00 23-Mar-2016,0,16.7,Dusk,300,16,272,,,0,,21180,206,,222,,195,,190,,108,,65,,60,,58,,62,,,,,,
304,"141259",141259,,Transmission,MiniPAT,24-Mar-2016,08:08:45,,5,,,,,456,06:00:00 24-Mar-2016,0,16.6,Dawn,300,208,368,,,0,,47598,100,,102,,105,,113,,121,,129,,132,,135,,138,,,,,,
305,"141259",141259,,Transmission,MiniPAT,24-Mar-2016,20:55:00,,5,,,,,432,06:00:00 24-Mar-2016,0,16.6,Dusk,300,16,208,,,0,,34079,139,,140,,135,,124,,115,,104,,94,,86,,77,,,,,,
306,"141259",141259,,Transmission,MiniPAT,25-Mar-2016,08:15:00,,4,,,,,432,08:00:00 25-Mar-2016,0,16.3,Dawn,450,144,400,,,0,,10899,82,,93,,102,,109,,112,,115,,117,,120,,123,,,,,,
307,"141259",141259,,Transmission,MiniPAT,25-Mar-2016,20:25:00,,4,,,,,,08:00:00 25-Mar-2016,0,16.3,Dusk,450,80,144,,,0,,24556,124,,122,,113,,111,,105,,101,,96,,79,,80,,,,,,
308,"141259",141259,,Transmission,MiniPAT,26-Mar-2016,20:53:45,,4,,,,,,03:00:00 27-Mar-2016,0,17.4,Dusk,300,16,16,,,0,,32541,145,,140,,132,,122,,111,,99,,88,,77,,66,,,,,,
309,"141259",141259,,Transmission,MiniPAT,27-Mar-2016,08:03:45,,4,,,,,,03:00:00 27-Mar-2016,0,17.4,Dawn,750,144,432,,,0,,40051,77,,101,,118,,131,,137,,141,,142,,143,,145,,,,,,
310,"141259",141259,,Transmission,MiniPAT,27-Mar-2016,08:05:00,,4,,,,,,03:00:00 27-Mar-2016,0,17.4,Dawn,300,176,400,,,0,,6602,90,,100,,109,,117,,122,,132,,136,,139,,141,,,,,,
311,"141259",141259,,Transmission,MiniPAT,27-Mar-2016,20:15:00,,4,,,,,,03:00:00 27-Mar-2016,0,17.4,Dusk,600,16,48,,,0,,57760,153,,136,,131,,112,,106,,101,,94,,75,,59,,,,,,
312,"141259",141259,,Transmission,MiniPAT,28-Mar-2016,20:41:15,,3,,,,,850,01:00:00 28-Mar-2016,0,17.0,Dusk,300,16,80,,,0,,34008,159,,154,,149,,145,,139,,133,,123,,108,,97,,,,,,
313,"141259",141259,,Transmission,MiniPAT,29-Mar-2016,08:12:30,,3,,,,,850,01:00:00 28-Mar-2016,0,17.0,Dawn,450,336,432,,,0,,11580,135,,138,,143,,149,,155,,157,,166,,167,,160,,,,,,
314,"141259",141259,,Transmission,MiniPAT,29-Mar-2016,20:52:30,,2,,,,,360,00:00:00 29-Mar-2016,0,17.1,Dusk,300,16,112,,,0,,38598,171,,166,,156,,138,,119,,107,,96,,87,,79,,,,,,
315,"141259",141259,,Transmission,MiniPAT,30-Mar-2016,07:47:30,,1,,,,,360,08:00:00 30-Mar-2016,0,17.1,Dawn,600,16,16,,,0,,57922,82,,95,,113,,131,,143,,154,,160,,163,,167,,,,,,
316,"141259",141259,,Transmission,MiniPAT,30-Mar-2016,07:57:30,,2,,,,,360,00:00:00 29-Mar-2016,0,17.1,Dawn,600,16,16,,,0,,13440,96,,114,,131,,143,,155,,160,,165,,167,,170,,,,,,
317,"141259",141259,,Transmission,MiniPAT,30-Mar-2016,20:26:15,,1,,,,,312,08:00:00 30-Mar-2016,0,17.1,Dusk,600,16,48,,,0,,24836,167,,156,,150,,146,,135,,121,,99,,81,,60,,,,,,
318,"141259",141259,,Transmission,MiniPAT,31-Mar-2016,07:48:45,,2,,,,,312,07:00:00 31-Mar-2016,0,17.5,Dawn,750,16,16,,,0,,51810,84,,109,,126,,140,,149,,155,,159,,163,,163,,,,,,
319,"141259",141259,,Transmission,MiniPAT,31-Mar-2016,21:02:30,,2,,,,,,07:00:00 31-Mar-2016,0,17.5,Dusk,450,16,144,,,0,,29797,165,,152,,136,,120,,119,,120,,119,,102,,42,,,,,,
320,"141259",141259,,Transmission,MiniPAT,01-Apr-2016,01:37:30,,2,,,,,520,01:00:00 01-Apr-2016,0,17.0,Dawn,1350,16,176,,,0,,18968,66,,66,,66,,66,,66,,66,,66,,61,,36,,,,,,
321,"141259",141259,,Transmission,MiniPAT,01-Apr-2016,20:36:15,,2,,,,,,01:00:00 01-Apr-2016,0,17.0,Dusk,600,16,112,,,0,,13690,189,,180,,174,,161,,136,,112,,90,,64,,50,,,,,,
322,"141259",141259,,Transmission,MiniPAT,02-Apr-2016,09:35:00,,3,,,,,536,02:00:00 02-Apr-2016,0,17.5,Dawn,300,336,432,,,0,,27648,255,,255,,255,,255,,255,,255,,255,,255,,255,,,,,,
323,"141259",141259,,Transmission,MiniPAT,02-Apr-2016,20:46:15,,3,,,,,,02:00:00 02-Apr-2016,0,17.5,Dusk,600,16,144,,,0,,65193,187,,179,,163,,134,,102,,87,,91,,77,,47,,,,,,
324,"141259",141259,,Transmission,MiniPAT,03-Apr-2016,20:40:00,,4,,,,,,01:00:00 04-Apr-2016,0,17.5,Dusk,600,16,144,,,0,,59051,158,,150,,142,,130,,104,,87,,84,,72,,57,,,,,,
325,"141259",141259,,Transmission,MiniPAT,04-Apr-2016,07:21:15,,1,,,,,520,01:00:00 04-Apr-2016,0,17.5,Dawn,450,16,400,,,0,,63686,69,,78,,94,,109,,121,,128,,144,,149,,158,,,,,,
326,"141259",141259,,Transmission,MiniPAT,04-Apr-2016,07:23:45,,4,,,,,520,01:00:00 04-Apr-2016,0,17.5,Dawn,450,16,432,,,0,,35550,73,,82,,100,,113,,123,,134,,145,,153,,155,,,,,,
327,"141259",141259,,Transmission,MiniPAT,04-Apr-2016,20:41:15,,1,,,,,600,01:00:00 04-Apr-2016,0,17.5,Dusk,600,16,208,,,0,,1077,157,,149,,139,,131,,111,,93,,83,,72,,61,,,,,,
328,"141259",141259,,Transmission,MiniPAT,05-Apr-2016,07:25:00,,1,,,,,600,05:00:00 05-Apr-2016,0,16.9,Dawn,900,80,496,,,0,,51281,68,,84,,108,,117,,121,,126,,131,,136,,141,,,,,,
329,"141259",141259,,Transmission,MiniPAT,05-Apr-2016,20:57:30,,1,,,,,,05:00:00 05-Apr-2016,0,16.9,Dusk,450,16,144,,,0,,17805,133,,125,,114,,112,,94,,79,,73,,63,,57,,,,,,
330,"141259",141259,,Transmission,MiniPAT,06-Apr-2016,20:41:15,,1,,,,,,00:00:00 06-Apr-2016,0,16.6,Dusk,600,16,112,,,0,,15573,140,,136,,131,,116,,106,,90,,72,,61,,48,,,,,,
331,"141259",141259,,Transmission,MiniPAT,07-Apr-2016,08:26:15,,1,,,,,552,00:00:00 06-Apr-2016,0,16.6,Dawn,300,16,208,,,0,,33389,133,,146,,166,,175,,176,,175,,177,,179,,181,,,,,,
332,"141259",141259,,Transmission,MiniPAT,08-Apr-2016,08:38:45,,2,,,,,464,03:00:00 08-Apr-2016,0,16.5,Dawn,300,176,336,,,0,,26683,110,,198,,231,,220,,213,,216,,228,,246,,255,,,,,,
333,"141259",141259,,Transmission,MiniPAT,08-Apr-2016,20:23:45,,2,,,,,600,03:00:00 08-Apr-2016,0,16.5,Dusk,600,16,80,,,0,,60331,165,,160,,154,,150,,138,,119,,102,,82,,66,,,,,,
334,"141259",141259,,Transmission,MiniPAT,10-Apr-2016,10:06:15,,1,Argos-3,10:04:07 11-Apr-2016,40.2383,-36.1757,440,13:00:00 10-Apr-2016,0,16.7,Dusk,300,144,208,,,0,,6913,205,,207,,191,,185,,184,,184,,193,,201,,201,,,,,,
335,"141259",141259,,Transmission,MiniPAT,11-Apr-2016,06:57:30,,1,Argos-3,18:30:59 11-Apr-2016,40.1650,-36.2374,,13:00:00 10-Apr-2016,0,16.7,Dawn,300,176,336,,,0,,6887,176,,168,,182,,198,,216,,237,,251,,255,,255,,,,,,
336,"141259",141259,,Transmission,MiniPAT,11-Apr-2016,07:00:00,,1,Argos-3,18:30:59 11-Apr-2016,40.1650,-36.2374,,08:00:00 11-Apr-2016,0,16.8,Dawn,750,16,16,,,0,,777,80,,100,,124,,147,,159,,172,,179,,182,,185,,,,,,
337,"141259",141259,,Transmission,MiniPAT,11-Apr-2016,20:25:00,,1,Argos-3,18:30:59 11-Apr-2016,40.1650,-36.2374,,08:00:00 11-Apr-2016,0,16.8,Dusk,750,16,16,,,0,,55051,184,,171,,164,,151,,132,,114,,94,,76,,69,,,,,,
338,"141259",141259,,Transmission,MiniPAT,12-Apr-2016,07:22:30,,2,Argos-3,18:30:59 11-Apr-2016,40.1650,-36.2374,16,04:00:00 12-Apr-2016,0,16.4,Dawn,900,16,16,,,0,,21385,102,,136,,154,,167,,173,,168,,179,,182,,186,,,,,,
339,"141259",141259,,Transmission,MiniPAT,12-Apr-2016,20:42:30,,2,Argos-3,05:09:36 12-Apr-2016,40.1560,-36.2552,16,04:00:00 12-Apr-2016,0,16.4,Dusk,600,16,16,,,0,,55176,181,,169,,161,,149,,129,,110,,93,,79,,73,,,,,,
340,"141259",141259,,Transmission,MiniPAT,13-Apr-2016,07:01:15,,2,Argos-3,04:46:16 14-Apr-2016,40.1295,-36.1869,16,00:00:00 13-Apr-2016,0,16.5,Dawn,600,16,16,,,0,,46990,82,,98,,115,,132,,151,,162,,168,,176,,185,,,,,,
341,"141259",141259,,Transmission,MiniPAT,13-Apr-2016,20:42:30,,2,Argos-3,04:46:16 14-Apr-2016,40.1295,-36.1869,,00:00:00 13-Apr-2016,0,16.5,Dusk,600,16,16,,,0,,11442,181,,169,,161,,149,,129,,110,,93,,79,,73,,,,,,
